census,change,city,estimate,land_area_km2,land_area_mi,link,location,population_density_km2,population_density_mi,rank,state,county,settled,website,zip_code,major_airport,demonym,government_type,mayor,time_zone,summer_time_zone,area_code,government_body,history,geography,demographics,economy,transportation,education,sports
"8,175,133",+2.74%,New York City[d],"8,398,748",780.9km2,301.5sqmi,/wiki/New_York_City,40°39′49″N 73°56′19″W / 40.6635°N 73.9387°W / 40.6635; -73.9387 (1 New York City),"10,933/km2","28,317/sqmi",1,New York,,,,,,,,,,,,,,,,,,,
"3,792,621",+5.22%,Los Angeles,"3,990,456","1,213.9km2",468.7sqmi,/wiki/Los_Angeles,34°01′10″N 118°24′39″W / 34.0194°N 118.4108°W / 34.0194; -118.4108 (2 Los Angeles),"3,276/km2","8,484/sqmi",2,California,,,,,,,,,,,,,,,,,,,
"2,695,598",+0.39%,Chicago,"2,705,994",588.7km2,227.3sqmi,/wiki/Chicago,41°50′15″N 87°40′54″W / 41.8376°N 87.6818°W / 41.8376; -87.6818 (3 Chicago),"4,600/km2","11,900/sqmi",3,Illinois,,,,,,,,,,,,,,,,,,,
"2,100,263",+10.72%,Houston[3],"2,325,502","1,651.1km2",637.5sqmi,/wiki/Houston,29°47′12″N 95°23′27″W / 29.7866°N 95.3909°W / 29.7866; -95.3909 (4 Houston),"1,395/km2","3,613/sqmi",4,Texas,,,,,,,,,,,,,,,,,,,
"1,445,632",+14.85%,Phoenix,"1,660,272","1,340.6km2",517.6sqmi,"/wiki/Phoenix,_Arizona",33°34′20″N 112°05′24″W / 33.5722°N 112.0901°W / 33.5722; -112.0901 (6 Phoenix),"1,200/km2","3,120/sqmi",5,Arizona,,,,,,,,,,,,,,,,,,,
"1,526,006",+3.81%,Philadelphia[e],"1,584,138",347.6km2,134.2sqmi,/wiki/Philadelphia,40°00′34″N 75°08′00″W / 40.0094°N 75.1333°W / 40.0094; -75.1333 (5 Philadelphia),"4,511/km2","11,683/sqmi",6,Pennsylvania,,,,,,,,,,,,,,,,,,,
"1,327,407",+15.43%,San Antonio,"1,532,233","1,194.0km2",461.0sqmi,/wiki/San_Antonio,29°28′21″N 98°31′30″W / 29.4724°N 98.5251°W / 29.4724; -98.5251 (7 San Antonio),"1,250/km2","3,238/sqmi",7,Texas,,,,,,,,,,,,,,,,,,,
"1,307,402",+9.07%,San Diego,"1,425,976",842.3km2,325.2sqmi,/wiki/San_Diego,32°48′55″N 117°08′06″W / 32.8153°N 117.1350°W / 32.8153; -117.1350 (8 San Diego),"1,670/km2","4,325/sqmi",8,California,,,,,,,,,,,,,,,,,,,
"1,197,816",+12.29%,Dallas,"1,345,047",882.9km2,340.9sqmi,/wiki/Dallas,32°47′36″N 96°45′59″W / 32.7933°N 96.7665°W / 32.7933; -96.7665 (9 Dallas),"1,493/km2","3,866/sqmi",9,Texas,,,,,,,,,,,,,,,,,,,
"945,942",+8.90%,San Jose,"1,030,119",459.7km2,177.5sqmi,"/wiki/San_Jose,_California",37°17′48″N 121°49′08″W / 37.2967°N 121.8189°W / 37.2967; -121.8189 (10 San Jose),"2,231/km2","5,777/sqmi",10,California,,,,,,,,,,,,,,,,,,,
"790,390",+22.00%,Austin,"964,254",809.9km2,312.7sqmi,"/wiki/Austin,_Texas",30°18′14″N 97°45′16″W / 30.3039°N 97.7544°W / 30.3039; -97.7544 (11 Austin),"1,170/km2","3,031/sqmi",11,Texas,,,,,,,,,,,,,,,,,,,
"821,784",+9.99%,Jacksonville[f],"903,889","1,935.8km2",747.4sqmi,"/wiki/Jacksonville,_Florida",30°20′13″N 81°39′42″W / 30.3369°N 81.6616°W / 30.3369; -81.6616 (12 Jacksonville),455/km2,"1,178/sqmi",12,Florida,,,,,,,,,,,,,,,,,,,
"741,206",+20.75%,Fort Worth,"895,008",888.1km2,342.9sqmi,"/wiki/Fort_Worth,_Texas",32°46′53″N 97°20′48″W / 32.7815°N 97.3467°W / 32.7815; -97.3467 (16 Fort Worth),962/km2,"2,491/sqmi",13,Texas,,,,,,,,,,,,,,,,,,,
"787,033",+13.40%,Columbus,"892,533",565.9km2,218.5sqmi,"/wiki/Columbus,_Ohio",39°59′07″N 82°59′05″W / 39.9852°N 82.9848°W / 39.9852; -82.9848 (15 Columbus),"1,520/km2","3,936/sqmi",14,Ohio,,,,,,,,,,,,,,,,,,,
"805,235",+9.70%,San Francisco[g],"883,305",121.5km2,46.9sqmi,/wiki/San_Francisco,37°43′38″N 123°01′56″W / 37.7272°N 123.0322°W / 37.7272; -123.0322 (13 San Francisco),"7,170/km2","18,569/sqmi",15,California,,,,,,,,,,,,,,,,,,,
"731,424",+19.29%,Charlotte,"872,498",791.0km2,305.4sqmi,"/wiki/Charlotte,_North_Carolina",35°12′28″N 80°49′52″W / 35.2078°N 80.8310°W / 35.2078; -80.8310 (17 Charlotte),"1,064/km2","2,757/sqmi",16,North Carolina,,,,,,,,,,,,,,,,,,,
"820,445",+5.69%,Indianapolis[h],"867,125",936.3km2,361.5sqmi,/wiki/Indianapolis,39°46′36″N 86°08′45″W / 39.7767°N 86.1459°W / 39.7767; -86.1459 (14 Indianapolis),914/km2,"2,366/sqmi",17,Indiana,,,,,,,,,,,,,,,,,,,
"608,660",+22.39%,Seattle,"744,955",217.0km2,83.8sqmi,/wiki/Seattle,47°37′14″N 122°21′03″W / 47.6205°N 122.3509°W / 47.6205; -122.3509 (20 Seattle),"3,245/km2","8,405/sqmi",18,Washington,,,,,,,,,,,,,,,,,,,
"600,158",+19.38%,Denver[i],"716,492",397.0km2,153.3sqmi,/wiki/Denver,39°45′43″N 104°52′52″W / 39.7619°N 104.8811°W / 39.7619; -104.8811 (Denver),"1,746/km2","4,521/sqmi",19,Colorado,,,,,,,,,,,,,,,,,,,
"601,723",+16.74%,"Washington, D.C.[j]","702,455",158.2km2,61.1sqmi,"/wiki/Washington,_D.C.","38°54′15″N 77°01′02″W / 38.9041°N 77.0172°W / 38.9041; -77.0172 (Washington, D.C.)","4,304/km2","11,148/sqmi",20,District of Columbia,,,,,,,,,,,,,,,,,,,
"617,594",+12.47%,Boston,"694,583",125.1km2,48.3sqmi,/wiki/Boston,42°19′55″N 71°01′13″W / 42.3320°N 71.0202°W / 42.3320; -71.0202 (Boston),"5,381/km2","13,938/sqmi",21,Massachusetts,,,,,,,,,,,,,,,,,,,
"649,121",+5.17%,El Paso,"682,669",665.1km2,256.8sqmi,"/wiki/El_Paso,_Texas",31°50′54″N 106°25′37″W / 31.8484°N 106.4270°W / 31.8484; -106.4270 (19 El Paso),"1,030/km2","2,660/sqmi",22,Texas,,,,,,,,,,,,,,,,,,,
"713,777",−5.76%,Detroit,"672,662",359.5km2,138.8sqmi,/wiki/Detroit,42°22′59″N 83°06′08″W / 42.3830°N 83.1022°W / 42.3830; -83.1022 (18 Detroit),"1,871/km2","4,847/sqmi",23,Michigan,,,,,,,,,,,,,,,,,,,
"601,222",+11.28%,Nashville[k],"669,053","1,232.6km2",475.9sqmi,"/wiki/Nashville,_Tennessee",36°10′18″N 86°47′06″W / 36.1718°N 86.7850°W / 36.1718; -86.7850 (Nashville),536/km2,"1,388/sqmi",24,Tennessee,,,,,,,,,,,,,,,,,,,
"583,776",+11.88%,Portland,"653,115",345.8km2,133.5sqmi,"/wiki/Portland,_Oregon",45°32′13″N 122°39′00″W / 45.5370°N 122.6500°W / 45.5370; -122.6500 (Portland),"1,851/km2","4,793/sqmi",25,Oregon,,,,,,,,,,,,,,,,,,,
"646,889",+0.58%,Memphis,"650,618",822.1km2,317.4sqmi,"/wiki/Memphis,_Tennessee",35°06′10″N 89°58′39″W / 35.1028°N 89.9774°W / 35.1028; -89.9774 (Memphis),794/km2,"2,056/sqmi",26,Tennessee,,,,,,,,,,,,,,,,,,,
"579,999",+11.90%,Oklahoma City,"649,021","1,570.3km2",606.3sqmi,/wiki/Oklahoma_City,35°28′02″N 97°30′49″W / 35.4671°N 97.5137°W / 35.4671; -97.5137 (Oklahoma City),407/km2,"1,053/sqmi",27,Oklahoma,,,,,,,,,,,,,,,,,,,
"583,756",+10.43%,Las Vegas,"644,644",348.1km2,134.4sqmi,/wiki/Las_Vegas,36°13′45″N 115°15′36″W / 36.2292°N 115.2601°W / 36.2292; -115.2601 (Las Vegas),"1,818/km2","4,709/sqmi",28,Nevada,,,,,,,,,,,,,,,,,,,
"597,337",+3.81%,Louisville[l],"620,118",682.5km2,263.5sqmi,"/wiki/Louisville,_Kentucky",38°09′55″N 85°38′51″W / 38.1654°N 85.6474°W / 38.1654; -85.6474 (Louisville),903/km2,"2,339/sqmi",29,Kentucky,,,,,,,,,,,,,,,,,,,
"620,961",−2.97%,Baltimore[m],"602,495",209.5km2,80.9sqmi,/wiki/Baltimore,39°18′00″N 76°36′38″W / 39.3000°N 76.6105°W / 39.3000; -76.6105 (Baltimore),"2,934/km2","7,598/sqmi",30,Maryland,,,,,,,,,,,,,,,,,,,
"594,833",−0.47%,Milwaukee,"592,025",249.2km2,96.2sqmi,/wiki/Milwaukee,43°03′48″N 87°58′00″W / 43.0633°N 87.9667°W / 43.0633; -87.9667 (Milwaukee),"2,388/km2","6,186/sqmi",31,Wisconsin,,,,,,,,,,,,,,,,,,,
"545,852",+2.63%,Albuquerque,"560,218",487.4km2,188.2sqmi,"/wiki/Albuquerque,_New_Mexico",35°06′20″N 106°38′51″W / 35.1056°N 106.6474°W / 35.1056; -106.6474 (Albuquerque),"1,147/km2","2,972/sqmi",32,New Mexico,,,,,,,,,,,,,,,,,,,
"520,116",+4.97%,Tucson,"545,975",597.8km2,230.8sqmi,"/wiki/Tucson,_Arizona",32°09′11″N 110°52′14″W / 32.1531°N 110.8706°W / 32.1531; -110.8706 (Tucson),888/km2,"2,299/sqmi",33,Arizona,,,,,,,,,,,,,,,,,,,
"494,665",+7.16%,Fresno,"530,093",296.3km2,114.4sqmi,"/wiki/Fresno,_California",36°47′01″N 119°47′36″W / 36.7836°N 119.7934°W / 36.7836; -119.7934 (Fresno),"1,762/km2","4,563/sqmi",34,California,,,,,,,,,,,,,,,,,,,
"439,041",+15.92%,Mesa,"508,958",357.2km2,137.9sqmi,"/wiki/Mesa,_Arizona",33°24′07″N 111°43′03″W / 33.4019°N 111.7174°W / 33.4019; -111.7174 (Mesa),"1,357/km2","3,514/sqmi",35,Arizona,,,,,,,,,,,,,,,,,,,
"466,488",+9.01%,Sacramento,"508,529",253.6km2,97.9sqmi,"/wiki/Sacramento,_California",38°34′00″N 121°28′07″W / 38.5666°N 121.4686°W / 38.5666; -121.4686 (Sacramento),"1,953/km2","5,059/sqmi",36,California,,,,,,,,,,,,,,,,,,,
"420,003",+18.58%,Atlanta,"498,044",345.8km2,133.5sqmi,/wiki/Atlanta,33°45′46″N 84°25′22″W / 33.7629°N 84.4227°W / 33.7629; -84.4227 (Atlanta),"1,366/km2","3,539/sqmi",37,Georgia,,,,,,,,,,,,,,,,,,,
"459,787",+6.99%,Kansas City,"491,918",815.8km2,315.0sqmi,"/wiki/Kansas_City,_Missouri","39°07′30″N 94°33′04″W / 39.1251°N 94.5510°W / 39.1251; -94.5510 (Kansas City, MO)",590/km2,"1,528/sqmi",38,Missouri,,,,,,,,,,,,,,,,,,,
"416,427",+13.51%,Colorado Springs,"472,688",506.6km2,195.6sqmi,"/wiki/Colorado_Springs,_Colorado",38°52′02″N 104°45′39″W / 38.8673°N 104.7607°W / 38.8673; -104.7607 (Colorado Springs),918/km2,"2,378/sqmi",39,Colorado,,,,,,,,,,,,,,,,,,,
"399,457",+17.89%,Miami,"470,914",93.2km2,36.0sqmi,/wiki/Miami,25°46′31″N 80°12′31″W / 25.7752°N 80.2086°W / 25.7752; -80.2086 (Miami),"4,865/km2","12,599/sqmi",40,Florida,,,,,,,,,,,,,,,,,,,
"403,892",+16.19%,Raleigh,"469,298",375.8km2,145.1sqmi,"/wiki/Raleigh,_North_Carolina",35°49′50″N 78°38′30″W / 35.8306°N 78.6418°W / 35.8306; -78.6418 (Raleigh),"1,221/km2","3,163/sqmi",41,North Carolina,,,,,,,,,,,,,,,,,,,
"408,958",+14.50%,Omaha,"468,262",345.0km2,133.2sqmi,"/wiki/Omaha,_Nebraska",41°15′52″N 96°02′42″W / 41.2644°N 96.0451°W / 41.2644; -96.0451 (Omaha),"1,296/km2","3,356/sqmi",42,Nebraska,,,,,,,,,,,,,,,,,,,
"462,257",+1.10%,Long Beach,"467,354",130.3km2,50.3sqmi,"/wiki/Long_Beach,_California",33°48′33″N 118°09′19″W / 33.8092°N 118.1553°W / 33.8092; -118.1553 (Long Beach),"3,609/km2","9,347/sqmi",43,California,,,,,,,,,,,,,,,,,,,
"437,994",+2.78%,Virginia Beach[m],"450,189",633.8km2,244.7sqmi,"/wiki/Virginia_Beach,_Virginia",36°46′48″N 76°01′31″W / 36.7800°N 76.0252°W / 36.7800; -76.0252 (Virginia Beach),710/km2,"1,850/sqmi",44,Virginia,,,,,,,,,,,,,,,,,,,
"390,724",+9.82%,Oakland,"429,082",144.8km2,55.9sqmi,"/wiki/Oakland,_California",37°46′11″N 122°13′33″W / 37.7698°N 122.2257°W / 37.7698; -122.2257 (Oakland),"2,901/km2","7,514/sqmi",45,California,,,,,,,,,,,,,,,,,,,
"382,578",+11.19%,Minneapolis,"425,403",139.9km2,54.0sqmi,/wiki/Minneapolis,44°57′48″N 93°16′06″W / 44.9633°N 93.2683°W / 44.9633; -93.2683 (Minneapolis),"2,960/km2","7,660/sqmi",46,Minnesota,,,,,,,,,,,,,,,,,,,
"391,906",+2.24%,Tulsa,"400,669",509.7km2,196.8sqmi,"/wiki/Tulsa,_Oklahoma",36°07′40″N 95°54′08″W / 36.1279°N 95.9023°W / 36.1279; -95.9023 (Tulsa),791/km2,"2,048/sqmi",47,Oklahoma,,,,,,,,,,,,,,,,,,,
"365,438",+8.94%,Arlington,"398,112",248.1km2,95.8sqmi,"/wiki/Arlington,_Texas",32°42′03″N 97°07′29″W / 32.7007°N 97.1247°W / 32.7007; -97.1247 (Arlington),"1,600/km2","4,100/sqmi",48,Texas,,,,,,,,,,,,,,,,,,,
"335,709",+17.03%,Tampa,"392,890",293.7km2,113.4sqmi,"/wiki/Tampa,_Florida",27°58′12″N 82°28′47″W / 27.9701°N 82.4797°W / 27.9701; -82.4797 (Tampa),"1,284/km2","3,326/sqmi",49,Florida,,,,,,,,,,,,,,,,,,,
"343,829",+13.72%,New Orleans[n],"391,006",438.7km2,169.4sqmi,/wiki/New_Orleans,30°03′12″N 89°56′04″W / 30.0534°N 89.9345°W / 30.0534; -89.9345 (New Orleans),892/km2,"2,311/sqmi",50,Louisiana,,,,,,,,,,,,,,,,,,,
"382,368",+1.80%,Wichita,"389,255",415.4km2,160.4sqmi,"/wiki/Wichita,_Kansas",37°41′27″N 97°20′45″W / 37.6907°N 97.3459°W / 37.6907; -97.3459 (Wichita),939/km2,"2,431/sqmi",51,Kansas,,,,,,,,,,,,,,,,,,,
"396,815",−3.28%,Cleveland,"383,793",201.2km2,77.7sqmi,/wiki/Cleveland,41°28′43″N 81°40′46″W / 41.4785°N 81.6794°W / 41.4785; -81.6794 (Cleveland),"1,917/km2","4,965/sqmi",52,Ohio,,,,,,,,,,,,,,,,,,,
"347,483",+10.39%,Bakersfield,"383,579",385.4km2,148.8sqmi,"/wiki/Bakersfield,_California",35°19′16″N 119°01′06″W / 35.3212°N 119.0183°W / 35.3212; -119.0183 (Bakersfield),976/km2,"2,529/sqmi",53,California,,,,,,,,,,,,,,,,,,,
"325,078",+15.08%,Aurora,"374,114",397.6km2,153.5sqmi,"/wiki/Aurora,_Colorado",39°41′17″N 104°41′23″W / 39.6880°N 104.6897°W / 39.6880; -104.6897 (Aurora),910/km2,"2,356/sqmi",54,Colorado,,,,,,,,,,,,,,,,,,,
"336,265",+4.68%,Anaheim,"352,005",129.5km2,50.0sqmi,"/wiki/Anaheim,_California",33°51′20″N 117°45′36″W / 33.8555°N 117.7601°W / 33.8555; -117.7601 (Anaheim),"2,711/km2","7,021/sqmi",55,California,,,,,,,,,,,,,,,,,,,
"337,256",+3.01%,Honolulu[b],"347,397",156.7km2,60.5sqmi,/wiki/Honolulu,21°19′27″N 157°50′51″W / 21.3243°N 157.8476°W / 21.3243; -157.8476 (Honolulu),"2,245/km2","5,815/sqmi",56,Hawaii,,,,,,,,,,,,,,,,,,,
"324,528",+2.53%,Santa Ana,"332,725",70.2km2,27.1sqmi,"/wiki/Santa_Ana,_California",33°44′11″N 117°52′59″W / 33.7363°N 117.8830°W / 33.7363; -117.8830 (Santa Ana),"4,762/km2","12,333/sqmi",57,California,,,,,,,,,,,,,,,,,,,
"303,871",+8.62%,Riverside,"330,063",210.3km2,81.2sqmi,"/wiki/Riverside,_California",33°56′17″N 117°23′36″W / 33.9381°N 117.3932°W / 33.9381; -117.3932 (Riverside),"1,544/km2","3,999/sqmi",58,California,,,,,,,,,,,,,,,,,,,
"305,215",+6.99%,Corpus Christi,"326,554",452.2km2,174.6sqmi,"/wiki/Corpus_Christi,_Texas",27°45′15″N 97°10′24″W / 27.7543°N 97.1734°W / 27.7543; -97.1734 (Corpus Christi),720/km2,"1,866/sqmi",59,Texas,,,,,,,,,,,,,,,,,,,
"295,803",+9.46%,Lexington[o],"323,780",734.5km2,283.6sqmi,"/wiki/Lexington,_Kentucky",38°02′27″N 84°27′30″W / 38.0407°N 84.4583°W / 38.0407; -84.4583 (Lexington),434/km2,"1,123/sqmi",60,Kentucky,,,,,,,,,,,,,,,,,,,
"291,707",+6.67%,Stockton,"311,178",159.8km2,61.7sqmi,"/wiki/Stockton,_California",37°58′35″N 121°18′48″W / 37.9763°N 121.3133°W / 37.9763; -121.3133 (Stockton),"1,922/km2","4,977/sqmi",61,California,,,,,,,,,,,,,,,,,,,
"257,729",+20.43%,Henderson,"310,390",271.2km2,104.7sqmi,"/wiki/Henderson,_Nevada",36°00′35″N 115°02′09″W / 36.0097°N 115.0357°W / 36.0097; -115.0357 (Henderson),"1,080/km2","2,798/sqmi",62,Nevada,,,,,,,,,,,,,,,,,,,
"285,068",+7.94%,Saint Paul,"307,695",134.7km2,52.0sqmi,"/wiki/Saint_Paul,_Minnesota",44°56′56″N 93°06′15″W / 44.9489°N 93.1041°W / 44.9489; -93.1041 (Saint Paul),"2,245/km2","5,815/sqmi",63,Minnesota,,,,,,,,,,,,,,,,,,,
"319,294",−5.15%,St. Louis[m],"302,838",160.6km2,62.0sqmi,/wiki/St._Louis,38°38′09″N 90°14′41″W / 38.6357°N 90.2446°W / 38.6357; -90.2446 (St. Louis),"1,939/km2","5,023/sqmi",64,Missouri,,,,,,,,,,,,,,,,,,,
"296,943",+1.91%,Cincinnati,"302,605",200.5km2,77.4sqmi,/wiki/Cincinnati,39°08′25″N 84°30′21″W / 39.1402°N 84.5058°W / 39.1402; -84.5058 (Cincinnati),"1,490/km2","3,860/sqmi",65,Ohio,,,,,,,,,,,,,,,,,,,
"305,704",−1.52%,Pittsburgh,"301,048",143.5km2,55.4sqmi,/wiki/Pittsburgh,40°26′23″N 79°58′36″W / 40.4398°N 79.9766°W / 40.4398; -79.9766 (Pittsburgh),"2,116/km2","5,481/sqmi",66,Pennsylvania,,,,,,,,,,,,,,,,,,,
"269,666",+9.29%,Greensboro,"294,722",332.3km2,128.3sqmi,"/wiki/Greensboro,_North_Carolina",36°05′42″N 79°49′37″W / 36.0951°N 79.8270°W / 36.0951; -79.8270 (Greensboro),864/km2,"2,237/sqmi",67,North Carolina,,,,,,,,,,,,,,,,,,,
"291,826",−0.10%,Anchorage[p],"291,538","4,420.1km2","1,706.6sqmi","/wiki/Anchorage,_Alaska",61°10′27″N 149°17′03″W / 61.1743°N 149.2843°W / 61.1743; -149.2843 (Anchorage),68/km2,175/sqmi,68,Alaska,,,,,,,,,,,,,,,,,,,
"259,841",+10.86%,Plano,"288,061",185.7km2,71.7sqmi,"/wiki/Plano,_Texas",33°03′03″N 96°44′52″W / 33.0508°N 96.7479°W / 33.0508; -96.7479 (Plano),"1,540/km2","3,990/sqmi",69,Texas,,,,,,,,,,,,,,,,,,,
"258,379",+11.23%,Lincoln,"287,401",238.5km2,92.1sqmi,"/wiki/Lincoln,_Nebraska",40°48′38″N 96°40′49″W / 40.8105°N 96.6803°W / 40.8105; -96.6803 (Lincoln),"1,175/km2","3,044/sqmi",70,Nebraska,,,,,,,,,,,,,,,,,,,
"238,300",+19.90%,Orlando,"285,713",272.5km2,105.2sqmi,"/wiki/Orlando,_Florida",28°25′00″N 81°16′25″W / 28.4166°N 81.2736°W / 28.4166; -81.2736 (Orlando),"1,017/km2","2,635/sqmi",71,Florida,,,,,,,,,,,,,,,,,,,
"212,375",+33.05%,Irvine,"282,572",169.9km2,65.6sqmi,"/wiki/Irvine,_California",33°40′42″N 117°46′17″W / 33.6784°N 117.7713°W / 33.6784; -117.7713 (Irvine),"1,566/km2","4,057/sqmi",72,California,,,,,,,,,,,,,,,,,,,
"277,140",+1.79%,Newark,"282,090",62.4km2,24.1sqmi,"/wiki/Newark,_New_Jersey",40°43′27″N 74°10′21″W / 40.7242°N 74.1726°W / 40.7242; -74.1726 (Newark),"4,514/km2","11,691/sqmi",73,New Jersey,,,,,,,,,,,,,,,,,,,
"287,208",−4.26%,Toledo,"274,975",209.0km2,80.7sqmi,"/wiki/Toledo,_Ohio",41°39′51″N 83°34′55″W / 41.6641°N 83.5819°W / 41.6641; -83.5819 (Toledo),"1,332/km2","3,451/sqmi",74,Ohio,,,,,,,,,,,,,,,,,,,
"228,330",+20.13%,Durham,"274,291",284.4km2,109.8sqmi,"/wiki/Durham,_North_Carolina",35°58′52″N 78°54′10″W / 35.9811°N 78.9029°W / 35.9811; -78.9029 (Durham),925/km2,"2,395/sqmi",75,North Carolina,,,,,,,,,,,,,,,,,,,
"243,916",+11.37%,Chula Vista,"271,651",128.5km2,49.6sqmi,"/wiki/Chula_Vista,_California",32°37′40″N 117°00′55″W / 32.6277°N 117.0152°W / 32.6277; -117.0152 (Chula Vista),"2,080/km2","5,387/sqmi",76,California,,,,,,,,,,,,,,,,,,,
"253,691",+5.50%,Fort Wayne,"267,633",286.5km2,110.6sqmi,"/wiki/Fort_Wayne,_Indiana",41°05′18″N 85°08′38″W / 41.0882°N 85.1439°W / 41.0882; -85.1439 (Fort Wayne),923/km2,"2,391/sqmi",77,Indiana,,,,,,,,,,,,,,,,,,,
"247,597",+7.25%,Jersey City,"265,549",38.3km2,14.8sqmi,"/wiki/Jersey_City,_New_Jersey",40°42′41″N 74°03′53″W / 40.7114°N 74.0648°W / 40.7114; -74.0648 (Jersey City),"6,891/km2","17,848/sqmi",78,New Jersey,,,,,,,,,,,,,,,,,,,
"244,769",+8.31%,St. Petersburg,"265,098",160.1km2,61.8sqmi,"/wiki/St._Petersburg,_Florida",27°45′43″N 82°38′39″W / 27.7620°N 82.6441°W / 27.7620; -82.6441 (St. Petersburg),"1,631/km2","4,223/sqmi",79,Florida,,,,,,,,,,,,,,,,,,,
"236,091",+10.82%,Laredo,"261,639",261.8km2,101.1sqmi,"/wiki/Laredo,_Texas",27°33′37″N 99°29′21″W / 27.5604°N 99.4892°W / 27.5604; -99.4892 (Laredo),982/km2,"2,544/sqmi",80,Texas,,,,,,,,,,,,,,,,,,,
"233,209",+10.65%,Madison,"258,054",199.4km2,77.0sqmi,"/wiki/Madison,_Wisconsin",43°05′16″N 89°25′48″W / 43.0878°N 89.4299°W / 43.0878; -89.4299 (Madison),"1,270/km2","3,280/sqmi",81,Wisconsin,,,,,,,,,,,,,,,,,,,
"236,123",+8.91%,Chandler,"257,165",168.1km2,64.9sqmi,"/wiki/Chandler,_Arizona",33°16′58″N 111°51′18″W / 33.2829°N 111.8549°W / 33.2829; -111.8549 (Chandler),"1,472/km2","3,813/sqmi",82,Arizona,,,,,,,,,,,,,,,,,,,
"261,310",−1.92%,Buffalo,"256,304",104.6km2,40.4sqmi,"/wiki/Buffalo,_New_York",42°53′33″N 78°51′35″W / 42.8925°N 78.8597°W / 42.8925; -78.8597 (Buffalo),"2,455/km2","6,359/sqmi",83,New York,,,,,,,,,,,,,,,,,,,
"229,573",+11.46%,Lubbock,"255,885",322.7km2,124.6sqmi,"/wiki/Lubbock,_Texas",33°33′56″N 101°53′12″W / 33.5656°N 101.8867°W / 33.5656; -101.8867 (Lubbock),783/km2,"2,027/sqmi",84,Texas,,,,,,,,,,,,,,,,,,,
"217,385",+17.45%,Scottsdale,"255,310",476.3km2,183.9sqmi,"/wiki/Scottsdale,_Arizona",33°41′03″N 111°51′40″W / 33.6843°N 111.8611°W / 33.6843; -111.8611 (Scottsdale),518/km2,"1,341/sqmi",85,Arizona,,,,,,,,,,,,,,,,,,,
"225,221",+11.45%,Reno,"250,998",277.9km2,107.3sqmi,"/wiki/Reno,_Nevada",39°32′57″N 119°51′00″W / 39.5491°N 119.8499°W / 39.5491; -119.8499 (Reno),883/km2,"2,286/sqmi",86,Nevada,,,,,,,,,,,,,,,,,,,
"226,721",+10.58%,Glendale,"250,702",153.1km2,59.1sqmi,"/wiki/Glendale,_Arizona",33°31′59″N 112°11′24″W / 33.5331°N 112.1899°W / 33.5331; -112.1899 (Glendale),"1,607/km2","4,161/sqmi",87,Arizona,,,,,,,,,,,,,,,,,,,
"208,453",+19.11%,Gilbert[q],"248,279",176.1km2,68.0sqmi,"/wiki/Gilbert,_Arizona",33°18′37″N 111°44′35″W / 33.3103°N 111.7431°W / 33.3103; -111.7431 (Gilbert),"1,346/km2","3,487/sqmi",88,Arizona,,,,,,,,,,,,,,,,,,,
"229,617",+7.28%,Winston–Salem,"246,328",343.2km2,132.5sqmi,"/wiki/Winston%E2%80%93Salem,_North_Carolina",36°06′10″N 80°15′40″W / 36.1027°N 80.2610°W / 36.1027; -80.2610 (Winston-Salem),706/km2,"1,828/sqmi",89,North Carolina,,,,,,,,,,,,,,,,,,,
"216,961",+13.36%,North Las Vegas,"245,949",253.8km2,98.0sqmi,"/wiki/North_Las_Vegas,_Nevada",36°17′09″N 115°05′38″W / 36.2857°N 115.0939°W / 36.2857; -115.0939 (North Las Vegas),941/km2,"2,436/sqmi",90,Nevada,,,,,,,,,,,,,,,,,,,
"242,803",+0.52%,Norfolk[m],"244,076",138.0km2,53.3sqmi,"/wiki/Norfolk,_Virginia",36°55′23″N 76°14′41″W / 36.9230°N 76.2446°W / 36.9230; -76.2446 (Norfolk),"1,776/km2","4,599/sqmi",91,Virginia,,,,,,,,,,,,,,,,,,,
"222,209",+9.19%,Chesapeake[m],"242,634",876.7km2,338.5sqmi,"/wiki/Chesapeake,_Virginia",36°40′46″N 76°18′06″W / 36.6794°N 76.3018°W / 36.6794; -76.3018 (Chesapeake),271/km2,703/sqmi,92,Virginia,,,,,,,,,,,,,,,,,,,
"226,876",+6.89%,Garland,"242,507",147.6km2,57.0sqmi,"/wiki/Garland,_Texas",32°54′35″N 96°37′49″W / 32.9098°N 96.6303°W / 32.9098; -96.6303 (Garland),"1,592/km2","4,122/sqmi",93,Texas,,,,,,,,,,,,,,,,,,,
"216,290",+12.00%,Irving,"242,242",173.5km2,67.0sqmi,"/wiki/Irving,_Texas",32°51′28″N 96°58′12″W / 32.8577°N 96.9700°W / 32.8577; -96.9700 (Irving),"1,373/km2","3,557/sqmi",94,Texas,,,,,,,,,,,,,,,,,,,
"224,669",+6.35%,Hialeah,"238,942",55.7km2,21.5sqmi,"/wiki/Hialeah,_Florida",25°52′12″N 80°18′10″W / 25.8699°N 80.3029°W / 25.8699; -80.3029 (Hialeah),"4,245/km2","10,995/sqmi",95,Florida,,,,,,,,,,,,,,,,,,,
"214,089",+11.08%,Fremont,"237,807",200.7km2,77.5sqmi,"/wiki/Fremont,_California",37°29′40″N 121°56′28″W / 37.4945°N 121.9412°W / 37.4945; -121.9412 (Fremont),"1,161/km2","3,008/sqmi",96,California,,,,,,,,,,,,,,,,,,,
"205,671",+11.24%,Boise[r],"228,790",212.6km2,82.1sqmi,"/wiki/Boise,_Idaho",43°36′01″N 116°13′54″W / 43.6002°N 116.2317°W / 43.6002; -116.2317 (Boise),"1,049/km2","2,718/sqmi",97,Idaho,,,,,,,,,,,,,,,,,,,
"204,214",+12.03%,Richmond[m],"228,783",154.9km2,59.8sqmi,"/wiki/Richmond,_Virginia",37°31′53″N 77°28′34″W / 37.5314°N 77.4760°W / 37.5314; -77.4760 (Richmond),"1,441/km2","3,732/sqmi",98,Virginia,,,,,,,,,,,,,,,,,,,
"229,493",−3.44%,Baton Rouge[s],"221,599",222.5km2,85.9sqmi,"/wiki/Baton_Rouge,_Louisiana",30°26′32″N 91°07′51″W / 30.4422°N 91.1309°W / 30.4422; -91.1309 (Baton Rouge),"1,024/km2","2,651/sqmi",99,Louisiana,,,,,,,,,,,,,,,,,,,
"208,916",+4.92%,Spokane,"219,190",177.9km2,68.7sqmi,"/wiki/Spokane,_Washington",47°40′01″N 117°26′00″W / 47.6669°N 117.4333°W / 47.6669; -117.4333 (Spokane),"1,214/km2","3,144/sqmi",100,Washington,,,,,,,,,,,,,,,,,,,
"203,433",+6.60%,Des Moines,"216,853",230.2km2,88.9sqmi,"/wiki/Des_Moines,_Iowa",41°34′21″N 93°36′37″W / 41.5726°N 93.6102°W / 41.5726; -93.6102 (Des Moines),936/km2,"2,424/sqmi",101,Iowa,,,,,,,,,,,,,,,,,,,
"198,397",+9.01%,Tacoma,"216,279",128.7km2,49.7sqmi,"/wiki/Tacoma,_Washington",47°15′08″N 122°27′35″W / 47.2522°N 122.4598°W / 47.2522; -122.4598 (Tacoma),"1,641/km2","4,251/sqmi",102,Washington,,,,,,,,,,,,,,,,,,,
"209,924",+2.87%,San Bernardino,"215,941",159.3km2,61.5sqmi,"/wiki/San_Bernardino,_California",34°08′30″N 117°17′37″W / 34.1416°N 117.2936°W / 34.1416; -117.2936 (San Bernardino),"1,358/km2","3,516/sqmi",103,California,,,,,,,,,,,,,,,,,,,
"201,165",+6.89%,Modesto,"215,030",111.4km2,43.0sqmi,"/wiki/Modesto,_California",37°38′15″N 121°00′11″W / 37.6375°N 121.0030°W / 37.6375; -121.0030 (Modesto),"1,905/km2","4,934/sqmi",104,California,,,,,,,,,,,,,,,,,,,
"196,069",+9.01%,Fontana,"213,739",111.4km2,43.0sqmi,"/wiki/Fontana,_California",34°06′32″N 117°27′46″W / 34.1090°N 117.4629°W / 34.1090; -117.4629 (Fontana),"1,883/km2","4,876/sqmi",105,California,,,,,,,,,,,,,,,,,,,
"176,320",+19.15%,Santa Clarita,"210,089",136.8km2,52.8sqmi,"/wiki/Santa_Clarita,_California",34°24′11″N 118°30′15″W / 34.4030°N 118.5042°W / 34.4030; -118.5042 (Santa Clarita),"1,331/km2","3,446/sqmi",106,California,,,,,,,,,,,,,,,,,,,
"212,237",−1.11%,Birmingham,"209,880",378.4km2,146.1sqmi,"/wiki/Birmingham,_Alabama",33°31′39″N 86°47′56″W / 33.5274°N 86.7990°W / 33.5274; -86.7990 (Birmingham),561/km2,"1,452/sqmi",107,Alabama,,,,,,,,,,,,,,,,,,,
"197,899",+6.05%,Oxnard,"209,877",69.7km2,26.9sqmi,"/wiki/Oxnard,_California",34°12′08″N 119°12′17″W / 34.2023°N 119.2046°W / 34.2023; -119.2046 (Oxnard),"2,984/km2","7,729/sqmi",108,California,,,,,,,,,,,,,,,,,,,
"200,564",+4.44%,Fayetteville,"209,468",382.5km2,147.7sqmi,"/wiki/Fayetteville,_North_Carolina",35°04′58″N 78°58′25″W / 35.0828°N 78.9735°W / 35.0828; -78.9735 (Fayetteville),535/km2,"1,386/sqmi",109,North Carolina,,,,,,,,,,,,,,,,,,,
"193,365",+8.11%,Moreno Valley,"209,050",132.9km2,51.3sqmi,"/wiki/Moreno_Valley,_California",33°55′24″N 117°12′21″W / 33.9233°N 117.2057°W / 33.9233; -117.2057 (Moreno Valley),"1,547/km2","4,006/sqmi",110,California,,,,,,,,,,,,,,,,,,,
"210,565",−2.03%,Rochester,"206,284",92.7km2,35.8sqmi,"/wiki/Rochester,_New_York",43°10′12″N 77°37′01″W / 43.1699°N 77.6169°W / 43.1699; -77.6169 (Rochester),"2,253/km2","5,835/sqmi",111,New York,,,,,,,,,,,,,,,,,,,
"191,719",+5.03%,Glendale,"201,361",78.7km2,30.4sqmi,"/wiki/Glendale,_California",34°10′53″N 118°14′45″W / 34.1814°N 118.2458°W / 34.1814; -118.2458 (Glendale),"2,551/km2","6,606/sqmi",112,California,,,,,,,,,,,,,,,,,,,
"189,992",+5.60%,Huntington Beach,"200,641",69.7km2,26.9sqmi,"/wiki/Huntington_Beach,_California",33°41′26″N 118°00′33″W / 33.6906°N 118.0093°W / 33.6906; -118.0093 (Huntington Beach),"2,880/km2","7,459/sqmi",113,California,,,,,,,,,,,,,,,,,,,
"186,440",+7.59%,Salt Lake City,"200,591",288.0km2,111.2sqmi,/wiki/Salt_Lake_City,40°46′37″N 111°55′52″W / 40.7769°N 111.9310°W / 40.7769; -111.9310 (Salt Lake City),673/km2,"1,742/sqmi",114,Utah,,,,,,,,,,,,,,,,,,,
"188,040",+6.48%,Grand Rapids,"200,217",115.0km2,44.4sqmi,"/wiki/Grand_Rapids,_Michigan",42°57′40″N 85°39′20″W / 42.9612°N 85.6556°W / 42.9612; -85.6556 (Grand Rapids),"1,708/km2","4,424/sqmi",115,Michigan,,,,,,,,,,,,,,,,,,,
"190,695",+4.84%,Amarillo,"199,924",262.6km2,101.4sqmi,"/wiki/Amarillo,_Texas",35°12′00″N 101°49′49″W / 35.1999°N 101.8302°W / 35.1999; -101.8302 (Amarillo),760/km2,"1,968/sqmi",116,Texas,,,,,,,,,,,,,,,,,,,
"195,976",+1.88%,Yonkers,"199,663",46.6km2,18.0sqmi,"/wiki/Yonkers,_New_York",40°56′45″N 73°52′03″W / 40.9459°N 73.8674°W / 40.9459; -73.8674 (Yonkers),"4,307/km2","11,156/sqmi",117,New York,,,,,,,,,,,,,,,,,,,
"197,899",+0.86%,Aurora,"199,602",116.3km2,44.9sqmi,"/wiki/Aurora,_Illinois",41°45′49″N 88°17′24″W / 41.7635°N 88.2901°W / 41.7635; -88.2901 (Aurora),"1,729/km2","4,479/sqmi",118,Illinois,,,,,,,,,,,,,,,,,,,
"205,764",−3.67%,Montgomery,"198,218",413.9km2,159.8sqmi,"/wiki/Montgomery,_Alabama",32°20′50″N 86°15′58″W / 32.3472°N 86.2661°W / 32.3472; -86.2661 (Montgomery),483/km2,"1,252/sqmi",119,Alabama,,,,,,,,,,,,,,,,,,,
"199,110",−0.55%,Akron,"198,006",160.6km2,62.0sqmi,"/wiki/Akron,_Ohio",41°04′50″N 81°31′17″W / 41.0805°N 81.5214°W / 41.0805; -81.5214 (Akron),"1,231/km2","3,188/sqmi",120,Ohio,,,,,,,,,,,,,,,,,,,
"193,524",+2.25%,Little Rock,"197,881",307.4km2,118.7sqmi,"/wiki/Little_Rock,_Arkansas",34°43′31″N 92°21′31″W / 34.7254°N 92.3586°W / 34.7254; -92.3586 (Little Rock),646/km2,"1,673/sqmi",121,Arkansas,,,,,,,,,,,,,,,,,,,
"180,105",+9.56%,Huntsville,"197,318",552.7km2,213.4sqmi,"/wiki/Huntsville,_Alabama",34°41′56″N 86°40′23″W / 34.6990°N 86.6730°W / 34.6990; -86.6730 (Huntsville),349/km2,905/sqmi,122,Alabama,,,,,,,,,,,,,,,,,,,
"195,844",+0.56%,Augusta[t],"196,939",783.5km2,302.5sqmi,"/wiki/Augusta,_Georgia",33°21′56″N 82°04′24″W / 33.3655°N 82.0734°W / 33.3655; -82.0734 (Augusta),252/km2,652/sqmi,123,Georgia,,,,,,,,,,,,,,,,,,,
"164,603",+18.62%,Port St. Lucie,"195,248",307.9km2,118.9sqmi,"/wiki/Port_St._Lucie,_Florida",27°16′50″N 80°23′18″W / 27.2806°N 80.3883°W / 27.2806; -80.3883 (Port St. Lucie),601/km2,"1,557/sqmi",124,Florida,,,,,,,,,,,,,,,,,,,
"175,396",+10.96%,Grand Prairie,"194,614",187.3km2,72.3sqmi,"/wiki/Grand_Prairie,_Texas",32°41′13″N 97°01′16″W / 32.6869°N 97.0211°W / 32.6869; -97.0211 (Grand Prairie),"1,018/km2","2,637/sqmi",125,Texas,,,,,,,,,,,,,,,,,,,
"189,885",+2.25%,Columbus[u],"194,160",560.5km2,216.4sqmi,"/wiki/Columbus,_Georgia",32°30′37″N 84°52′30″W / 32.5102°N 84.8749°W / 32.5102; -84.8749 (Columbus),353/km2,913/sqmi,126,Georgia,,,,,,,,,,,,,,,,,,,
"181,376",+6.71%,Tallahassee,"193,551",260.0km2,100.4sqmi,"/wiki/Tallahassee,_Florida",30°27′18″N 84°15′12″W / 30.4551°N 84.2534°W / 30.4551; -84.2534 (Tallahassee),734/km2,"1,901/sqmi",127,Florida,,,,,,,,,,,,,,,,,,,
"173,372",+11.05%,Overland Park,"192,536",194.5km2,75.1sqmi,"/wiki/Overland_Park,_Kansas",38°53′20″N 94°41′26″W / 38.8890°N 94.6906°W / 38.8890; -94.6906 (Overland Park),971/km2,"2,516/sqmi",128,Kansas,,,,,,,,,,,,,,,,,,,
"161,719",+18.95%,Tempe,"192,364",103.6km2,40.0sqmi,"/wiki/Tempe,_Arizona",33°23′18″N 111°55′54″W / 33.3884°N 111.9318°W / 33.3884; -111.9318 (Tempe),"1,761/km2","4,562/sqmi",129,Arizona,,,,,,,,,,,,,,,,,,,
"131,117",+46.16%,McKinney,"191,645",163.2km2,63.0sqmi,"/wiki/McKinney,_Texas",33°11′55″N 96°40′05″W / 33.1985°N 96.6680°W / 33.1985; -96.6680 (McKinney),"1,056/km2","2,735/sqmi",130,Texas,,,,,,,,,,,,,,,,,,,
"195,111",−2.84%,Mobile,"189,572",361.0km2,139.4sqmi,"/wiki/Mobile,_Alabama",30°40′06″N 88°06′01″W / 30.6684°N 88.1002°W / 30.6684; -88.1002 (Mobile),534/km2,"1,384/sqmi",131,Alabama,,,,,,,,,,,,,,,,,,,
"154,305",+22.71%,Cape Coral,"189,343",273.5km2,105.6sqmi,"/wiki/Cape_Coral,_Florida",26°38′36″N 81°59′51″W / 26.6432°N 81.9974°W / 26.6432; -81.9974 (Cape Coral),658/km2,"1,703/sqmi",132,Florida,,,,,,,,,,,,,,,,,,,
"199,311",−5.18%,Shreveport,"188,987",277.4km2,107.1sqmi,"/wiki/Shreveport,_Louisiana",32°28′01″N 93°47′32″W / 32.4669°N 93.7922°W / 32.4669; -93.7922 (Shreveport),700/km2,"1,820/sqmi",133,Louisiana,,,,,,,,,,,,,,,,,,,
"116,989",+60.84%,Frisco,"188,170",175.3km2,67.7sqmi,"/wiki/Frisco,_Texas",33°09′19″N 96°49′21″W / 33.1554°N 96.8226°W / 33.1554; -96.8226 (Frisco),933/km2,"2,417/sqmi",134,Texas,,,,,,,,,,,,,,,,,,,
"178,874",+4.82%,Knoxville,"187,500",255.1km2,98.5sqmi,"/wiki/Knoxville,_Tennessee",35°58′15″N 83°56′57″W / 35.9707°N 83.9493°W / 35.9707; -83.9493 (Knoxville),730/km2,"1,891/sqmi",135,Tennessee,,,,,,,,,,,,,,,,,,,
"181,045",+2.67%,Worcester,"185,877",96.9km2,37.4sqmi,"/wiki/Worcester,_Massachusetts",42°16′10″N 71°48′28″W / 42.2695°N 71.8078°W / 42.2695; -71.8078 (Worcester),"1,905/km2","4,933/sqmi",136,Massachusetts,,,,,,,,,,,,,,,,,,,
"175,023",+4.78%,Brownsville,"183,392",343.2km2,132.5sqmi,"/wiki/Brownsville,_Texas",25°59′57″N 97°27′18″W / 25.9991°N 97.4550°W / 25.9991; -97.4550 (Brownsville),536/km2,"1,387/sqmi",137,Texas,,,,,,,,,,,,,,,,,,,
"161,791",+13.12%,Vancouver,"183,012",121.5km2,46.9sqmi,"/wiki/Vancouver,_Washington",45°38′06″N 122°35′45″W / 45.6349°N 122.5957°W / 45.6349; -122.5957 (Vancouver),"1,439/km2","3,728/sqmi",138,Washington,,,,,,,,,,,,,,,,,,,
"165,521",+10.32%,Fort Lauderdale,"182,595",89.6km2,34.6sqmi,"/wiki/Fort_Lauderdale,_Florida",26°08′28″N 80°08′48″W / 26.1412°N 80.1467°W / 26.1412; -80.1467 (Fort Lauderdale),"1,995/km2","5,166/sqmi",139,Florida,,,,,,,,,,,,,,,,,,,
"153,888",+18.19%,Sioux Falls,"181,883",195.3km2,75.4sqmi,"/wiki/Sioux_Falls,_South_Dakota",43°32′18″N 96°43′55″W / 43.5383°N 96.7320°W / 43.5383; -96.7320 (Sioux Falls),893/km2,"2,312/sqmi",140,South Dakota,,,,,,,,,,,,,,,,,,,
"163,924",+10.48%,Ontario,"181,107",129.2km2,49.9sqmi,"/wiki/Ontario,_California",34°02′22″N 117°36′15″W / 34.0394°N 117.6042°W / 34.0394; -117.6042 (Ontario),"1,340/km2","3,471/sqmi",141,California,,,,,,,,,,,,,,,,,,,
"167,674",+7.68%,Chattanooga,"180,557",370.6km2,143.1sqmi,"/wiki/Chattanooga,_Tennessee",35°03′58″N 85°14′54″W / 35.0660°N 85.2484°W / 35.0660; -85.2484 (Chattanooga),479/km2,"1,241/sqmi",142,Tennessee,,,,,,,,,,,,,,,,,,,
"178,042",+0.73%,Providence,"179,335",47.7km2,18.4sqmi,"/wiki/Providence,_Rhode_Island",41°49′23″N 71°25′08″W / 41.8231°N 71.4188°W / 41.8231; -71.4188 (Providence),"3,760/km2","9,740/sqmi",143,Rhode Island,,,,,,,,,,,,,,,,,,,
"180,719",−1.16%,Newport News[m],"178,626",179.0km2,69.1sqmi,"/wiki/Newport_News,_Virginia",37°04′34″N 76°31′19″W / 37.0762°N 76.5220°W / 37.0762; -76.5220 (Newport News),"1,016/km2","2,631/sqmi",144,Virginia,,,,,,,,,,,,,,,,,,,
"165,269",+7.55%,Rancho Cucamonga,"177,751",103.6km2,40.0sqmi,"/wiki/Rancho_Cucamonga,_California",34°07′24″N 117°33′51″W / 34.1233°N 117.5642°W / 34.1233; -117.5642 (Rancho Cucamonga),"1,704/km2","4,413/sqmi",145,California,,,,,,,,,,,,,,,,,,,
"167,815",+5.82%,Santa Rosa,"177,586",107.0km2,41.3sqmi,"/wiki/Santa_Rosa,_California",38°26′48″N 122°42′22″W / 38.4468°N 122.7061°W / 38.4468; -122.7061 (Santa Rosa),"1,637/km2","4,241/sqmi",146,California,,,,,,,,,,,,,,,,,,,
"167,086",+5.38%,Oceanside,"176,080",107.0km2,41.3sqmi,"/wiki/Oceanside,_California",33°13′28″N 117°18′22″W / 33.2245°N 117.3062°W / 33.2245; -117.3062 (Oceanside),"1,641/km2","4,249/sqmi",147,California,,,,,,,,,,,,,,,,,,,
"154,637",+12.16%,Salem,"173,442",125.9km2,48.6sqmi,"/wiki/Salem,_Oregon",44°55′25″N 123°01′24″W / 44.9237°N 123.0232°W / 44.9237; -123.0232 (Salem),"1,330/km2","3,445/sqmi",148,Oregon,,,,,,,,,,,,,,,,,,,
"153,015",+12.99%,Elk Grove,"172,886",109.3km2,42.2sqmi,"/wiki/Elk_Grove,_California",38°24′53″N 121°23′06″W / 38.4146°N 121.3850°W / 38.4146; -121.3850 (Elk Grove),"1,553/km2","4,022/sqmi",149,California,,,,,,,,,,,,,,,,,,,
"170,883",+1.03%,Garden Grove,"172,646",46.6km2,18.0sqmi,"/wiki/Garden_Grove,_California",33°46′44″N 117°57′38″W / 33.7788°N 117.9605°W / 33.7788; -117.9605 (Garden Grove),"3,751/km2","9,714/sqmi",150,California,,,,,,,,,,,,,,,,,,,
"154,019",+11.92%,Pembroke Pines,"172,374",85.5km2,33.0sqmi,"/wiki/Pembroke_Pines,_Florida",26°01′16″N 80°20′25″W / 26.0210°N 80.3404°W / 26.0210; -80.3404 (Pembroke Pines),"1,973/km2","5,109/sqmi",151,Florida,,,,,,,,,,,,,,,,,,,
"154,065",+11.81%,Peoria,"172,259",455.1km2,175.7sqmi,"/wiki/Peoria,_Arizona",33°47′10″N 112°18′29″W / 33.7862°N 112.3080°W / 33.7862; -112.3080 (Peoria),361/km2,934/sqmi,152,Arizona,,,,,,,,,,,,,,,,,,,
"156,185",+9.64%,Eugene,"171,245",114.2km2,44.1sqmi,"/wiki/Eugene,_Oregon",44°03′24″N 123°06′58″W / 44.0567°N 123.1162°W / 44.0567; -123.1162 (Eugene),"1,458/km2","3,777/sqmi",153,Oregon,,,,,,,,,,,,,,,,,,,
"152,374",+10.79%,Corona,"168,819",102.3km2,39.5sqmi,"/wiki/Corona,_California",33°51′43″N 117°33′56″W / 33.8620°N 117.5655°W / 33.8620; -117.5655 (Corona),"1,630/km2","4,222/sqmi",154,California,,,,,,,,,,,,,,,,,,,
"135,234",+24.35%,Cary[v],"168,160",146.3km2,56.5sqmi,"/wiki/Cary,_North_Carolina",35°46′51″N 78°48′48″W / 35.7809°N 78.8133°W / 35.7809; -78.8133 (Cary),"1,109/km2","2,873/sqmi",155,North Carolina,,,,,,,,,,,,,,,,,,,
"159,498",+5.41%,Springfield,"168,122",213.2km2,82.3sqmi,"/wiki/Springfield,_Missouri",37°11′39″N 93°17′29″W / 37.1942°N 93.2913°W / 37.1942; -93.2913 (Springfield),785/km2,"2,033/sqmi",156,Missouri,,,,,,,,,,,,,,,,,,,
"143,986",+16.56%,Fort Collins,"167,830",144.5km2,55.8sqmi,"/wiki/Fort_Collins,_Colorado",40°32′54″N 105°03′53″W / 40.5482°N 105.0648°W / 40.5482; -105.0648 (Fort Collins),"1,136/km2","2,943/sqmi",157,Colorado,,,,,,,,,,,,,,,,,,,
"173,514",−5.24%,Jackson,"164,422",287.5km2,111.0sqmi,"/wiki/Jackson,_Mississippi",32°18′57″N 90°12′46″W / 32.3158°N 90.2128°W / 32.3158; -90.2128 (Jackson),588/km2,"1,524/sqmi",158,Mississippi,,,,,,,,,,,,,,,,,,,
"139,966",+14.69%,Alexandria[m],"160,530",38.8km2,15.0sqmi,"/wiki/Alexandria,_Virginia",38°49′12″N 77°05′03″W / 38.8201°N 77.0841°W / 38.8201; -77.0841 (Alexandria),"4,010/km2","10,387/sqmi",159,Virginia,,,,,,,,,,,,,,,,,,,
"144,186",+10.70%,Hayward,"159,620",117.8km2,45.5sqmi,"/wiki/Hayward,_California",37°37′43″N 122°06′09″W / 37.6287°N 122.1024°W / 37.6287; -122.1024 (Hayward),"1,349/km2","3,493/sqmi",160,California,,,,,,,,,,,,,,,,,,,
"156,633",+1.55%,Lancaster,"159,053",244.2km2,94.3sqmi,"/wiki/Lancaster,_California",34°41′37″N 118°10′31″W / 34.6936°N 118.1753°W / 34.6936; -118.1753 (Lancaster),656/km2,"1,698/sqmi",161,California,,,,,,,,,,,,,,,,,,,
"142,980",+9.66%,Lakewood,"156,798",111.1km2,42.9sqmi,"/wiki/Lakewood,_Colorado",39°41′56″N 105°07′03″W / 39.6989°N 105.1176°W / 39.6989; -105.1176 (Lakewood),"1,390/km2","3,599/sqmi",162,Colorado,,,,,,,,,,,,,,,,,,,
"132,929",+17.95%,Clarksville,"156,794",254.6km2,98.3sqmi,"/wiki/Clarksville,_Tennessee",36°33′59″N 87°20′43″W / 36.5664°N 87.3452°W / 36.5664; -87.3452 (Clarksville),590/km2,"1,529/sqmi",163,Tennessee,,,,,,,,,,,,,,,,,,,
"152,750",+2.56%,Palmdale,"156,667",274.5km2,106.0sqmi,"/wiki/Palmdale,_California",34°35′28″N 118°06′19″W / 34.5910°N 118.1054°W / 34.5910; -118.1054 (Palmdale),573/km2,"1,484/sqmi",164,California,,,,,,,,,,,,,,,,,,,
"150,441",+3.87%,Salinas,"156,259",61.1km2,23.6sqmi,"/wiki/Salinas,_California",36°41′25″N 121°38′01″W / 36.6902°N 121.6337°W / 36.6902; -121.6337 (Salinas),"2,572/km2","6,662/sqmi",165,California,,,,,,,,,,,,,,,,,,,
"153,060",+1.29%,Springfield,"155,032",82.6km2,31.9sqmi,"/wiki/Springfield,_Massachusetts",42°06′56″N 72°32′24″W / 42.1155°N 72.5400°W / 42.1155; -72.5400 (Springfield),"1,860/km2","4,830/sqmi",166,Massachusetts,,,,,,,,,,,,,,,,,,,
"140,768",+9.98%,Hollywood,"154,823",70.7km2,27.3sqmi,"/wiki/Hollywood,_Florida",26°01′52″N 80°09′53″W / 26.0310°N 80.1646°W / 26.0310; -80.1646 (Hollywood),"2,150/km2","5,568/sqmi",167,Florida,,,,,,,,,,,,,,,,,,,
"149,043",+2.80%,Pasadena,"153,219",112.7km2,43.5sqmi,"/wiki/Pasadena,_Texas",29°39′31″N 95°09′02″W / 29.6586°N 95.1506°W / 29.6586; -95.1506 (Pasadena),"1,361/km2","3,525/sqmi",168,Texas,,,,,,,,,,,,,,,,,,,
"140,081",+9.35%,Sunnyvale,"153,185",57.0km2,22.0sqmi,"/wiki/Sunnyvale,_California",37°23′09″N 122°01′35″W / 37.3858°N 122.0263°W / 37.3858; -122.0263 (Sunnyvale),"2,681/km2","6,944/sqmi",169,California,,,,,,,,,,,,,,,,,,,
"91,351",+67.59%,Macon[w],"153,095",645.7km2,249.3sqmi,"/wiki/Macon,_Georgia",32°48′32″N 83°41′39″W / 32.8088°N 83.6942°W / 32.8088; -83.6942 (Macon),236/km2,612/sqmi,170,Georgia,,,,,,,,,,,,,,,,,,,
"145,786",+4.92%,Kansas City[x],"152,958",323.2km2,124.8sqmi,"/wiki/Kansas_City,_Kansas",39°07′21″N 94°44′30″W / 39.1225°N 94.7418°W / 39.1225; -94.7418 (Kansas City),470/km2,"1,216/sqmi",171,Kansas,,,,,,,,,,,,,,,,,,,
"149,058",+2.22%,Pomona,"152,361",59.6km2,23.0sqmi,"/wiki/Pomona,_California",34°03′31″N 117°45′40″W / 34.0585°N 117.7611°W / 34.0585; -117.7611 (Pomona),"2,560/km2","6,630/sqmi",172,California,,,,,,,,,,,,,,,,,,,
"143,911",+5.77%,Escondido,"152,213",96.1km2,37.1sqmi,"/wiki/Escondido,_California",33°07′59″N 117°04′26″W / 33.1331°N 117.0740°W / 33.1331; -117.0740 (Escondido),"1,578/km2","4,087/sqmi",173,California,,,,,,,,,,,,,,,,,,,
"127,921",+16.56%,Killeen,"149,103",138.6km2,53.5sqmi,"/wiki/Killeen,_Texas",31°04′40″N 97°43′55″W / 31.0777°N 97.7320°W / 31.0777; -97.7320 (Killeen),"1,030/km2","2,680/sqmi",174,Texas,,,,,,,,,,,,,,,,,,,
"141,853",+4.55%,Naperville,"148,304",100.2km2,38.7sqmi,"/wiki/Naperville,_Illinois",41°44′57″N 88°09′43″W / 41.7492°N 88.1620°W / 41.7492; -88.1620 (Naperville),"1,468/km2","3,802/sqmi",175,Illinois,,,,,,,,,,,,,,,,,,,
"147,433",+0.45%,Joliet,"148,099",166.8km2,64.4sqmi,"/wiki/Joliet,_Illinois",41°31′04″N 88°08′56″W / 41.5177°N 88.1488°W / 41.5177; -88.1488 (Joliet),889/km2,"2,302/sqmi",176,Illinois,,,,,,,,,,,,,,,,,,,
"122,363",+20.62%,Bellevue,"147,599",86.8km2,33.5sqmi,"/wiki/Bellevue,_Washington",47°35′52″N 122°09′23″W / 47.5979°N 122.1565°W / 47.5979; -122.1565 (Bellevue),"1,630/km2","4,221/sqmi",177,Washington,,,,,,,,,,,,,,,,,,,
"152,871",−4.15%,Rockford,"146,526",164.5km2,63.5sqmi,"/wiki/Rockford,_Illinois",42°15′32″N 89°03′53″W / 42.2588°N 89.0646°W / 42.2588; -89.0646 (Rockford),898/km2,"2,325/sqmi",178,Illinois,,,,,,,,,,,,,,,,,,,
"136,286",+7.03%,Savannah,"145,862",268.3km2,103.6sqmi,"/wiki/Savannah,_Georgia",32°00′09″N 81°09′13″W / 32.0025°N 81.1536°W / 32.0025; -81.1536 (Savannah),547/km2,"1,417/sqmi",179,Georgia,,,,,,,,,,,,,,,,,,,
"146,199",−0.39%,Paterson,"145,627",21.8km2,8.4sqmi,"/wiki/Paterson,_New_Jersey",40°54′53″N 74°09′46″W / 40.9148°N 74.1628°W / 40.9148; -74.1628 (Paterson),"6,800/km2","17,500/sqmi",180,New Jersey,,,,,,,,,,,,,,,,,,,
"145,438",−0.18%,Torrance,"145,182",53.1km2,20.5sqmi,"/wiki/Torrance,_California",33°50′06″N 118°20′29″W / 33.8350°N 118.3414°W / 33.8350; -118.3414 (Torrance),"2,770/km2","7,180/sqmi",181,California,,,,,,,,,,,,,,,,,,,
"144,229",+0.47%,Bridgeport,"144,900",41.7km2,16.1sqmi,"/wiki/Bridgeport,_Connecticut",41°11′15″N 73°11′45″W / 41.1874°N 73.1958°W / 41.1874; -73.1958 (Bridgeport),"3,500/km2","9,064/sqmi",182,Connecticut,,,,,,,,,,,,,,,,,,,
"129,877",+10.44%,McAllen,"143,433",151.3km2,58.4sqmi,"/wiki/McAllen,_Texas",26°13′56″N 98°14′47″W / 26.2322°N 98.2464°W / 26.2322; -98.2464 (McAllen),940/km2,"2,435/sqmi",183,Texas,,,,,,,,,,,,,,,,,,,
"139,824",+2.14%,Mesquite,"142,816",122.2km2,47.2sqmi,"/wiki/Mesquite,_Texas",32°45′46″N 96°35′20″W / 32.7629°N 96.5888°W / 32.7629; -96.5888 (Mesquite),"1,176/km2","3,045/sqmi",184,Texas,,,,,,,,,,,,,,,,,,,
"145,170",−1.67%,Syracuse,"142,749",64.7km2,25.0sqmi,"/wiki/Syracuse,_New_York",43°02′28″N 76°08′37″W / 43.0410°N 76.1436°W / 43.0410; -76.1436 (Syracuse),"2,214/km2","5,735/sqmi",185,New York,,,,,,,,,,,,,,,,,,,
"111,147",+28.07%,Midland,"142,344",192.7km2,74.4sqmi,"/wiki/Midland,_Texas",32°01′29″N 102°06′49″W / 32.0246°N 102.1135°W / 32.0246; -102.1135 (Midland),698/km2,"1,809/sqmi",186,Texas,,,,,,,,,,,,,,,,,,,
"137,122",+3.10%,Pasadena,"141,371",59.6km2,23.0sqmi,"/wiki/Pasadena,_California",34°09′38″N 118°08′23″W / 34.1606°N 118.1396°W / 34.1606; -118.1396 (Pasadena),"2,385/km2","6,176/sqmi",187,California,,,,,,,,,,,,,,,,,,,
"108,755",+29.97%,Murfreesboro,"141,344",144.8km2,55.9sqmi,"/wiki/Murfreesboro,_Tennessee",35°51′08″N 86°24′58″W / 35.8522°N 86.4160°W / 35.8522; -86.4160 (Murfreesboro),910/km2,"2,360/sqmi",188,Tennessee,,,,,,,,,,,,,,,,,,,
"122,041",+15.39%,Miramar,"140,823",76.1km2,29.4sqmi,"/wiki/Miramar,_Florida",25°58′37″N 80°20′09″W / 25.9770°N 80.3358°W / 25.9770; -80.3358 (Miramar),"1,818/km2","4,709/sqmi",189,Florida,,,,,,,,,,,,,,,,,,,
"141,527",−0.63%,Dayton,"140,640",144.3km2,55.7sqmi,"/wiki/Dayton,_Ohio",39°46′39″N 84°11′59″W / 39.7774°N 84.1996°W / 39.7774; -84.1996 (Dayton),974/km2,"2,522/sqmi",190,Ohio,,,,,,,,,,,,,,,,,,,
"135,161",+3.31%,Fullerton,"139,640",58.0km2,22.4sqmi,"/wiki/Fullerton,_California",33°53′09″N 117°55′41″W / 33.8857°N 117.9280°W / 33.8857; -117.9280 (Fullerton),"2,425/km2","6,282/sqmi",191,California,,,,,,,,,,,,,,,,,,,
"125,872",+10.91%,Olathe,"139,605",157.7km2,60.9sqmi,"/wiki/Olathe,_Kansas",38°53′03″N 94°49′10″W / 38.8843°N 94.8195°W / 38.8843; -94.8195 (Olathe),859/km2,"2,225/sqmi",192,Kansas,,,,,,,,,,,,,,,,,,,
"136,416",+2.25%,Orange,"139,484",65.8km2,25.4sqmi,"/wiki/Orange,_California",33°47′13″N 117°51′41″W / 33.7870°N 117.8613°W / 33.7870; -117.8613 (Orange),"2,136/km2","5,532/sqmi",193,California,,,,,,,,,,,,,,,,,,,
"118,772",+17.40%,Thornton,"139,436",92.5km2,35.7sqmi,"/wiki/Thornton,_Colorado",39°55′10″N 104°56′34″W / 39.9194°N 104.9428°W / 39.9194; -104.9428 (Thornton),"1,478/km2","3,829/sqmi",194,Colorado,,,,,,,,,,,,,,,,,,,
"118,788",+17.11%,Roseville,"139,117",111.4km2,43.0sqmi,"/wiki/Roseville,_California",38°46′08″N 121°19′08″W / 38.7690°N 121.3189°W / 38.7690; -121.3189 (Roseville),"1,191/km2","3,085/sqmi",195,California,,,,,,,,,,,,,,,,,,,
"113,383",+22.19%,Denton,"138,541",241.9km2,93.4sqmi,"/wiki/Denton,_Texas",33°13′00″N 97°08′29″W / 33.2166°N 97.1414°W / 33.2166; -97.1414 (Denton),553/km2,"1,433/sqmi",196,Texas,,,,,,,,,,,,,,,,,,,
"124,805",+10.72%,Waco,"138,183",230.5km2,89.0sqmi,"/wiki/Waco,_Texas",31°33′36″N 97°11′10″W / 31.5601°N 97.1860°W / 31.5601; -97.1860 (Waco),580/km2,"1,510/sqmi",197,Texas,,,,,,,,,,,,,,,,,,,
"117,517",+17.57%,Surprise,"138,161",279.5km2,107.9sqmi,"/wiki/Surprise,_Arizona",33°40′14″N 112°27′10″W / 33.6706°N 112.4527°W / 33.6706; -112.4527 (Surprise),470/km2,"1,230/sqmi",198,Arizona,,,,,,,,,,,,,,,,,,,
"119,097",+14.93%,Carrollton,"136,879",94.0km2,36.3sqmi,"/wiki/Carrollton,_Texas",32°59′18″N 96°53′59″W / 32.9884°N 96.8998°W / 32.9884; -96.8998 (Carrollton),"1,419/km2","3,674/sqmi",199,Texas,,,,,,,,,,,,,,,,,,,
"129,480",+5.35%,West Valley City,"136,401",91.9km2,35.5sqmi,"/wiki/West_Valley_City,_Utah",40°41′19″N 112°00′42″W / 40.6885°N 112.0118°W / 40.6885; -112.0118 (West Valley City),"1,485/km2","3,847/sqmi",200,Utah,,,,,,,,,,,,,,,,,,,
"120,083",+13.43%,Charleston,"136,208",282.3km2,109.0sqmi,"/wiki/Charleston,_South_Carolina",32°49′04″N 79°57′32″W / 32.8179°N 79.9590°W / 32.8179; -79.9590 (Charleston),476/km2,"1,233/sqmi",201,South Carolina,,,,,,,,,,,,,,,,,,,
"134,056",+0.40%,Warren,"134,587",89.1km2,34.4sqmi,"/wiki/Warren,_Michigan",42°29′34″N 83°01′30″W / 42.4929°N 83.0250°W / 42.4929; -83.0250 (Warren),"1,517/km2","3,928/sqmi",202,Michigan,,,,,,,,,,,,,,,,,,,
"137,436",−2.27%,Hampton[m],"134,313",133.4km2,51.5sqmi,"/wiki/Hampton,_Virginia",37°02′53″N 76°17′50″W / 37.0480°N 76.2971°W / 37.0480; -76.2971 (Hampton),"1,015/km2","2,629/sqmi",203,Virginia,,,,,,,,,,,,,,,,,,,
"124,354",+7.64%,Gainesville,"133,857",161.4km2,62.3sqmi,"/wiki/Gainesville,_Florida",29°40′44″N 82°20′46″W / 29.6788°N 82.3461°W / 29.6788; -82.3461 (Gainesville),815/km2,"2,112/sqmi",204,Florida,,,,,,,,,,,,,,,,,,,
"124,442",+7.52%,Visalia,"133,800",97.1km2,37.5sqmi,"/wiki/Visalia,_California",36°19′38″N 119°19′44″W / 36.3273°N 119.3289°W / 36.3273; -119.3289 (Visalia),"1,349/km2","3,495/sqmi",205,California,,,,,,,,,,,,,,,,,,,
"121,096",+10.25%,Coral Springs,"133,507",61.6km2,23.8sqmi,"/wiki/Coral_Springs,_Florida",26°16′15″N 80°15′33″W / 26.2707°N 80.2593°W / 26.2707; -80.2593 (Coral Springs),"2,110/km2","5,465/sqmi",206,Florida,,,,,,,,,,,,,,,,,,,
"129,272",+3.23%,Columbia,"133,451",345.8km2,133.5sqmi,"/wiki/Columbia,_South_Carolina",34°01′45″N 80°53′53″W / 34.0291°N 80.8980°W / 34.0291; -80.8980 (Columbia),388/km2,"1,006/sqmi",207,South Carolina,,,,,,,,,,,,,,,,,,,
"126,326",+5.42%,Cedar Rapids,"133,174",183.4km2,70.8sqmi,"/wiki/Cedar_Rapids,_Iowa",41°58′01″N 91°40′40″W / 41.9670°N 91.6778°W / 41.9670; -91.6778 (Cedar Rapids),715/km2,"1,852/sqmi",208,Iowa,,,,,,,,,,,,,,,,,,,
"129,699",+2.52%,Sterling Heights,"132,964",94.5km2,36.5sqmi,"/wiki/Sterling_Heights,_Michigan",42°34′52″N 83°01′49″W / 42.5812°N 83.0303°W / 42.5812; -83.0303 (Sterling Heights),"1,401/km2","3,628/sqmi",209,Michigan,,,,,,,,,,,,,,,,,,,
"129,779",+0.49%,New Haven,"130,418",48.4km2,18.7sqmi,"/wiki/New_Haven,_Connecticut",41°18′39″N 72°55′30″W / 41.3108°N 72.9250°W / 41.3108; -72.9250 (New Haven),"2,683/km2","6,948/sqmi",210,Connecticut,,,,,,,,,,,,,,,,,,,
"122,643",+5.82%,Stamford,"129,775",97.4km2,37.6sqmi,"/wiki/Stamford,_Connecticut",41°04′48″N 73°32′46″W / 41.0799°N 73.5460°W / 41.0799; -73.5460 (Stamford),"1,326/km2","3,434/sqmi",211,Connecticut,,,,,,,,,,,,,,,,,,,
"122,067",+6.24%,Concord,"129,688",79.0km2,30.5sqmi,"/wiki/Concord,_California",37°58′20″N 122°00′06″W / 37.9722°N 122.0016°W / 37.9722; -122.0016 (Concord),"1,630/km2","4,221/sqmi",212,California,,,,,,,,,,,,,,,,,,,
"92,411",+40.26%,Kent,"129,618",87.3km2,33.7sqmi,"/wiki/Kent,_Washington",47°23′17″N 122°12′46″W / 47.3880°N 122.2127°W / 47.3880; -122.2127 (Kent),"1,461/km2","3,784/sqmi",213,Washington,,,,,,,,,,,,,,,,,,,
"116,468",+11.18%,Santa Clara,"129,488",47.7km2,18.4sqmi,"/wiki/Santa_Clara,_California",37°21′53″N 121°58′04″W / 37.3646°N 121.9679°W / 37.3646; -121.9679 (Santa Clara),"2,643/km2","6,845/sqmi",214,California,,,,,,,,,,,,,,,,,,,
"124,969",+3.13%,Elizabeth,"128,885",31.9km2,12.3sqmi,"/wiki/Elizabeth,_New_Jersey",40°39′59″N 74°11′37″W / 40.6664°N 74.1935°W / 40.6664; -74.1935 (Elizabeth),"4,038/km2","10,459/sqmi",215,New Jersey,,,,,,,,,,,,,,,,,,,
"99,887",+28.88%,Round Rock,"128,739",92.2km2,35.6sqmi,"/wiki/Round_Rock,_Texas",30°31′31″N 97°39′58″W / 30.5252°N 97.6660°W / 30.5252; -97.6660 (Round Rock),"1,311/km2","3,396/sqmi",216,Texas,,,,,,,,,,,,,,,,,,,
"126,683",+0.79%,Thousand Oaks,"127,690",143.0km2,55.2sqmi,"/wiki/Thousand_Oaks,_California",34°11′36″N 118°52′27″W / 34.1933°N 118.8742°W / 34.1933; -118.8742 (Thousand Oaks),902/km2,"2,335/sqmi",217,California,,,,,,,,,,,,,,,,,,,
"120,623",+4.58%,Lafayette[y],"126,143",139.3km2,53.8sqmi,"/wiki/Lafayette,_Louisiana",30°12′27″N 92°01′43″W / 30.2074°N 92.0285°W / 30.2074; -92.0285 (Lafayette),916/km2,"2,372/sqmi",218,Louisiana,,,,,,,,,,,,,,,,,,,
"115,452",+9.11%,Athens[z],"125,964",301.5km2,116.4sqmi,"/wiki/Athens,_Georgia",33°56′59″N 83°22′12″W / 33.9496°N 83.3701°W / 33.9496; -83.3701 (Athens),410/km2,"1,060/sqmi",219,Georgia,,,,,,,,,,,,,,,,,,,
"127,473",−1.23%,Topeka,"125,904",159.3km2,61.5sqmi,"/wiki/Topeka,_Kansas",39°02′05″N 95°41′46″W / 39.0347°N 95.6962°W / 39.0347; -95.6962 (Topeka),796/km2,"2,062/sqmi",220,Kansas,,,,,,,,,,,,,,,,,,,
"124,237",+1.30%,Simi Valley,"125,851",107.5km2,41.5sqmi,"/wiki/Simi_Valley,_California",34°16′01″N 118°44′55″W / 34.2669°N 118.7485°W / 34.2669; -118.7485 (Simi Valley),"1,175/km2","3,044/sqmi",221,California,,,,,,,,,,,,,,,,,,,
"105,549",+18.28%,Fargo,"124,844",127.7km2,49.3sqmi,"/wiki/Fargo,_North_Dakota",46°51′55″N 96°49′44″W / 46.8652°N 96.8290°W / 46.8652; -96.8290 (Fargo),950/km2,"2,450/sqmi",222,North Dakota,,,,,,,,,,,,,,,,,,,
"110,925",+11.31%,Norman,"123,471",463.1km2,178.8sqmi,"/wiki/Norman,_Oklahoma",35°14′26″N 97°20′43″W / 35.2406°N 97.3453°W / 35.2406; -97.3453 (Norman),264/km2,683/sqmi,223,Oklahoma,,,,,,,,,,,,,,,,,,,
"108,500",+13.53%,Columbia,"123,180",168.3km2,65.0sqmi,"/wiki/Columbia,_Missouri",38°57′06″N 92°19′43″W / 38.951561°N 92.328638°W / 38.951561; -92.328638 (Columbia),717/km2,"1,856/sqmi",224,Missouri,,,,,,,,,,,,,,,,,,,
"117,063",+5.07%,Abilene,"122,999",276.4km2,106.7sqmi,"/wiki/Abilene,_Texas",32°27′16″N 99°44′17″W / 32.4545°N 99.7381°W / 32.4545; -99.7381 (Abilene),442/km2,"1,146/sqmi",225,Texas,,,,,,,,,,,,,,,,,,,
"106,476",+15.15%,Wilmington,"122,607",133.6km2,51.6sqmi,"/wiki/Wilmington,_North_Carolina",34°12′33″N 77°53′09″W / 34.2092°N 77.8858°W / 34.2092; -77.8858 (Wilmington),880/km2,"2,278/sqmi",226,North Carolina,,,,,,,,,,,,,,,,,,,
"124,775",−1.75%,Hartford,"122,587",45.1km2,17.4sqmi,"/wiki/Hartford,_Connecticut",41°45′57″N 72°40′54″W / 41.7659°N 72.6816°W / 41.7659; -72.6816 (Hartford),"2,735/km2","7,083/sqmi",227,Connecticut,,,,,,,,,,,,,,,,,,,
"115,903",+5.53%,Victorville,"122,312",189.8km2,73.3sqmi,"/wiki/Victorville,_California",34°31′40″N 117°21′13″W / 34.5277°N 117.3536°W / 34.5277; -117.3536 (Victorville),644/km2,"1,668/sqmi",228,California,,,,,,,,,,,,,,,,,,,
"91,252",+33.86%,Pearland,"122,149",119.9km2,46.3sqmi,"/wiki/Pearland,_Texas",29°33′21″N 95°19′23″W / 29.5558°N 95.3231°W / 29.5558; -95.3231 (Pearland),947/km2,"2,453/sqmi",229,Texas,,,,,,,,,,,,,,,,,,,
"115,942",+5.15%,Vallejo,"121,913",79.5km2,30.7sqmi,"/wiki/Vallejo,_California",38°06′28″N 122°15′50″W / 38.1079°N 122.2640°W / 38.1079; -122.2640 (Vallejo),"1,525/km2","3,951/sqmi",230,California,,,,,,,,,,,,,,,,,,,
"113,934",+6.98%,Ann Arbor,"121,890",72.8km2,28.1sqmi,"/wiki/Ann_Arbor,_Michigan",42°16′34″N 83°43′51″W / 42.2761°N 83.7309°W / 42.2761; -83.7309 (Ann Arbor),"1,659/km2","4,298/sqmi",231,Michigan,,,,,,,,,,,,,,,,,,,
"112,580",+8.05%,Berkeley,"121,643",27.2km2,10.5sqmi,"/wiki/Berkeley,_California",37°52′01″N 122°17′57″W / 37.8670°N 122.2991°W / 37.8670; -122.2991 (Berkeley),"4,458/km2","11,547/sqmi",232,California,,,,,,,,,,,,,,,,,,,
"118,032",+2.88%,Allentown,"121,433",45.3km2,17.5sqmi,"/wiki/Allentown,_Pennsylvania",40°35′37″N 75°28′42″W / 40.5936°N 75.4784°W / 40.5936; -75.4784 (Allentown),"2,657/km2","6,882/sqmi",233,Pennsylvania,,,,,,,,,,,,,,,,,,,
"99,223",+21.93%,Richardson,"120,981",74.1km2,28.6sqmi,"/wiki/Richardson,_Texas",32°58′20″N 96°42′29″W / 32.9723°N 96.7081°W / 32.9723; -96.7081 (Richardson),"1,530/km2","3,963/sqmi",234,Texas,,,,,,,,,,,,,,,,,,,
"99,940",+20.64%,Odessa,"120,568",117.1km2,45.2sqmi,"/wiki/Odessa,_Texas",31°53′02″N 102°20′28″W / 31.8838°N 102.3411°W / 31.8838; -102.3411 (Odessa),"1,007/km2","2,608/sqmi",235,Texas,,,,,,,,,,,,,,,,,,,
"106,433",+13.21%,Arvada,"120,492",100.0km2,38.6sqmi,"/wiki/Arvada,_Colorado",39°50′01″N 105°09′01″W / 39.8337°N 105.1503°W / 39.8337; -105.1503 (Arvada),"1,175/km2","3,043/sqmi",236,Colorado,,,,,,,,,,,,,,,,,,,
"105,162",+13.14%,Cambridge,"118,977",16.6km2,6.4sqmi,"/wiki/Cambridge,_Massachusetts",42°22′34″N 71°07′07″W / 42.3760°N 71.1187°W / 42.3760; -71.1187 (Cambridge),"6,675/km2","17,289/sqmi",237,Massachusetts,,,,,,,,,,,,,,,,,,,
"78,817",+50.48%,Sugar Land,"118,600",88.1km2,34.0sqmi,"/wiki/Sugar_Land,_Texas",29°35′58″N 95°36′51″W / 29.5994°N 95.6142°W / 29.5994; -95.6142 (Sugar Land),"1,347/km2","3,488/sqmi",238,Texas,,,,,,,,,,,,,,,,,,,
"118,296",+0.11%,Beaumont,"118,428",212.6km2,82.1sqmi,"/wiki/Beaumont,_Texas",30°05′06″N 94°08′43″W / 30.0849°N 94.1453°W / 30.0849; -94.1453 (Beaumont),556/km2,"1,441/sqmi",239,Texas,,,,,,,,,,,,,,,,,,,
"114,297",+3.61%,Lansing,"118,427",101.3km2,39.1sqmi,"/wiki/Lansing,_Michigan",42°42′51″N 84°33′33″W / 42.7143°N 84.5593°W / 42.7143; -84.5593 (Lansing),"1,146/km2","2,967/sqmi",240,Michigan,,,,,,,,,,,,,,,,,,,
"117,429",+0.45%,Evansville,"117,963",122.5km2,47.3sqmi,"/wiki/Evansville,_Indiana",37°59′16″N 87°32′05″W / 37.9877°N 87.5347°W / 37.9877; -87.5347 (Evansville),975/km2,"2,526/sqmi",241,Indiana,,,,,,,,,,,,,,,,,,,
"106,769",+9.55%,Rochester,"116,961",141.4km2,54.6sqmi,"/wiki/Rochester,_Minnesota",44°00′55″N 92°28′38″W / 44.0154°N 92.4772°W / 44.0154; -92.4772 (Rochester),806/km2,"2,088/sqmi",242,Minnesota,,,,,,,,,,,,,,,,,,,
"116,830",+0.08%,Independence,"116,925",201.5km2,77.8sqmi,"/wiki/Independence,_Missouri",39°05′08″N 94°21′08″W / 39.0855°N 94.3521°W / 39.0855; -94.3521 (Independence),581/km2,"1,504/sqmi",243,Missouri,,,,,,,,,,,,,,,,,,,
"105,321",+10.98%,Fairfield,"116,884",105.9km2,40.9sqmi,"/wiki/Fairfield,_California",38°15′33″N 122°01′56″W / 38.2593°N 122.0321°W / 38.2593; -122.0321 (Fairfield),"1,083/km2","2,806/sqmi",244,California,,,,,,,,,,,,,,,,,,,
"112,488",+3.75%,Provo,"116,702",108.0km2,41.7sqmi,"/wiki/Provo,_Utah",40°14′43″N 111°38′41″W / 40.2453°N 111.6448°W / 40.2453; -111.6448 (Provo),"1,082/km2","2,803/sqmi",245,Utah,,,,,,,,,,,,,,,,,,,
"107,685",+8.17%,Clearwater,"116,478",67.1km2,25.9sqmi,"/wiki/Clearwater,_Florida",27°58′44″N 82°46′00″W / 27.9789°N 82.7666°W / 27.9789; -82.7666 (Clearwater),"1,705/km2","4,415/sqmi",246,Florida,,,,,,,,,,,,,,,,,,,
"93,857",+23.82%,College Station,"116,218",132.1km2,51.0sqmi,"/wiki/College_Station,_Texas",30°35′07″N 96°17′47″W / 30.5852°N 96.2964°W / 30.5852; -96.2964 (College Station),849/km2,"2,199/sqmi",247,Texas,,,,,,,,,,,,,,,,,,,
"103,712",+11.89%,West Jordan,"116,046",83.7km2,32.3sqmi,"/wiki/West_Jordan,_Utah",40°36′09″N 112°00′03″W / 40.6024°N 112.0008°W / 40.6024; -112.0008 (West Jordan),"1,360/km2","3,520/sqmi",248,Utah,,,,,,,,,,,,,,,,,,,
"105,328",+10.02%,Carlsbad,"115,877",97.6km2,37.7sqmi,"/wiki/Carlsbad,_California",33°07′26″N 117°16′58″W / 33.1239°N 117.2828°W / 33.1239; -117.2828 (Carlsbad),"1,167/km2","3,023/sqmi",249,California,,,,,,,,,,,,,,,,,,,
"113,475",+1.86%,El Monte,"115,586",24.9km2,9.6sqmi,"/wiki/El_Monte,_California",34°04′29″N 118°01′45″W / 34.0746°N 118.0291°W / 34.0746; -118.0291 (El Monte),"4,658/km2","12,063/sqmi",250,California,,,,,,,,,,,,,,,,,,,
"103,466",+11.13%,Murrieta,"114,985",87.0km2,33.6sqmi,"/wiki/Murrieta,_California",33°34′20″N 117°11′25″W / 33.5721°N 117.1904°W / 33.5721; -117.1904 (Murrieta),"1,283/km2","3,324/sqmi",251,California,,,,,,,,,,,,,,,,,,,
"100,097",+14.63%,Temecula,"114,742",96.6km2,37.3sqmi,"/wiki/Temecula,_California",33°29′35″N 117°07′54″W / 33.4931°N 117.1317°W / 33.4931; -117.1317 (Temecula),"1,170/km2","3,031/sqmi",252,California,,,,,,,,,,,,,,,,,,,
"116,250",−1.34%,Springfield,"114,694",155.7km2,60.1sqmi,"/wiki/Springfield,_Illinois",39°47′28″N 89°38′41″W / 39.7911°N 89.6446°W / 39.7911; -89.6446 (Springfield),743/km2,"1,925/sqmi",253,Illinois,,,,,,,,,,,,,,,,,,,
"103,190",+10.66%,Palm Bay,"114,194",170.2km2,65.7sqmi,"/wiki/Palm_Bay,_Florida",27°59′08″N 80°39′45″W / 27.9856°N 80.6626°W / 27.9856; -80.6626 (Palm Bay),647/km2,"1,676/sqmi",254,Florida,,,,,,,,,,,,,,,,,,,
"109,960",+3.32%,Costa Mesa,"113,615",40.7km2,15.7sqmi,"/wiki/Costa_Mesa,_California",33°39′57″N 117°54′44″W / 33.6659°N 117.9123°W / 33.6659; -117.9123 (Costa Mesa),"2,775/km2","7,186/sqmi",255,California,,,,,,,,,,,,,,,,,,,
"106,114",+6.94%,Westminster,"113,479",82.1km2,31.7sqmi,"/wiki/Westminster,_Colorado",39°52′56″N 105°03′52″W / 39.8822°N 105.0644°W / 39.8822; -105.0644 (Westminster),"1,387/km2","3,592/sqmi",256,Colorado,,,,,,,,,,,,,,,,,,,
"97,471",+16.18%,North Charleston,"113,237",190.9km2,73.7sqmi,"/wiki/North_Charleston,_South_Carolina",32°55′04″N 80°03′54″W / 32.9178°N 80.0650°W / 32.9178; -80.0650 (North Charleston),573/km2,"1,483/sqmi",257,South Carolina,,,,,,,,,,,,,,,,,,,
"107,167",+5.51%,Miami Gardens,"113,069",47.1km2,18.2sqmi,"/wiki/Miami_Gardens,_Florida",25°56′56″N 80°14′37″W / 25.9489°N 80.2436°W / 25.9489; -80.2436 (Miami Gardens),"2,398/km2","6,212/sqmi",258,Florida,,,,,,,,,,,,,,,,,,,
"109,565",+2.70%,Manchester,"112,525",85.7km2,33.1sqmi,"/wiki/Manchester,_New_Hampshire",42°59′06″N 71°26′39″W / 42.9849°N 71.4441°W / 42.9849; -71.4441 (Manchester),"1,289/km2","3,339/sqmi",259,New Hampshire,,,,,,,,,,,,,,,,,,,
"104,371",+7.61%,High Point,"112,316",143.0km2,55.2sqmi,"/wiki/High_Point,_North_Carolina",35°59′24″N 79°59′26″W / 35.9900°N 79.9905°W / 35.9900; -79.9905 (High Point),778/km2,"2,015/sqmi",260,North Carolina,,,,,,,,,,,,,,,,,,,
"111,772",+0.44%,Downey,"112,269",32.1km2,12.4sqmi,"/wiki/Downey,_California",33°56′18″N 118°07′51″W / 33.9382°N 118.1309°W / 33.9382; -118.1309 (Downey),"3,527/km2","9,134/sqmi",261,California,,,,,,,,,,,,,,,,,,,
"95,631",+17.14%,Clovis,"112,022",62.7km2,24.2sqmi,"/wiki/Clovis,_California",36°49′42″N 119°41′06″W / 36.8282°N 119.6849°W / 36.8282; -119.6849 (Clovis),"1,700/km2","4,404/sqmi",262,California,,,,,,,,,,,,,,,,,,,
"99,845",+12.13%,Pompano Beach,"111,954",62.2km2,24.0sqmi,"/wiki/Pompano_Beach,_Florida",26°14′30″N 80°08′02″W / 26.2416°N 80.1339°W / 26.2416; -80.1339 (Pompano Beach),"1,760/km2","4,558/sqmi",263,Florida,,,,,,,,,,,,,,,,,,,
"106,595",+4.84%,Pueblo,"111,750",138.8km2,53.6sqmi,"/wiki/Pueblo,_Colorado",38°16′12″N 104°36′44″W / 38.2699°N 104.6123°W / 38.2699; -104.6123 (Pueblo),795/km2,"2,058/sqmi",264,Colorado,,,,,,,,,,,,,,,,,,,
"108,188",+3.23%,Elgin,"111,683",96.9km2,37.4sqmi,"/wiki/Elgin,_Illinois",42°02′23″N 88°19′18″W / 42.0396°N 88.3217°W / 42.0396; -88.3217 (Elgin),"1,158/km2","2,998/sqmi",265,Illinois,,,,,,,,,,,,,,,,,,,
"106,519",+4.84%,Lowell,"111,670",35.2km2,13.6sqmi,"/wiki/Lowell,_Massachusetts",42°38′20″N 71°19′16″W / 42.6390°N 71.3211°W / 42.6390; -71.3211 (Lowell),"3,139/km2","8,129/sqmi",266,Massachusetts,,,,,,,,,,,,,,,,,,,
"102,372",+8.95%,Antioch,"111,535",76.1km2,29.4sqmi,"/wiki/Antioch,_California",37°58′45″N 121°47′46″W / 37.9791°N 121.7962°W / 37.9791; -121.7962 (Antioch),"1,456/km2","3,772/sqmi",267,California,,,,,,,,,,,,,,,,,,,
"99,919",+11.49%,West Palm Beach,"111,398",142.7km2,55.1sqmi,"/wiki/West_Palm_Beach,_Florida",26°44′47″N 80°07′30″W / 26.7464°N 80.1251°W / 26.7464; -80.1251 (West Palm Beach),758/km2,"1,963/sqmi",268,Florida,,,,,,,,,,,,,,,,,,,
"115,007",−3.15%,Peoria,"111,388",124.8km2,48.2sqmi,"/wiki/Peoria,_Illinois",40°45′05″N 89°37′03″W / 40.7515°N 89.6174°W / 40.7515; -89.6174 (Peoria),915/km2,"2,371/sqmi",269,Illinois,,,,,,,,,,,,,,,,,,,
"103,019",+8.00%,Everett,"111,262",86.2km2,33.3sqmi,"/wiki/Everett,_Washington",47°57′24″N 122°11′29″W / 47.9566°N 122.1914°W / 47.9566; -122.1914 (Everett),"1,264/km2","3,275/sqmi",270,Washington,,,,,,,,,,,,,,,,,,,
"106,433",+4.41%,Ventura[aa],"111,128",56.5km2,21.8sqmi,"/wiki/Ventura,_California",34°16′04″N 119°15′15″W / 34.2678°N 119.2542°W / 34.2678; -119.2542 (Ventura),"1,941/km2","5,027/sqmi",271,California,,,,,,,,,,,,,,,,,,,
"100,377",+10.41%,Centennial,"110,831",76.4km2,29.5sqmi,"/wiki/Centennial,_Colorado",39°35′26″N 104°52′09″W / 39.5906°N 104.8691°W / 39.5906; -104.8691 (Centennial),"1,439/km2","3,727/sqmi",272,Colorado,,,,,,,,,,,,,,,,,,,
"97,422",+13.44%,Lakeland,"110,516",170.7km2,65.9sqmi,"/wiki/Lakeland,_Florida",28°03′20″N 81°57′18″W / 28.0555°N 81.9549°W / 28.0555; -81.9549 (Lakeland),624/km2,"1,615/sqmi",273,Florida,,,,,,,,,,,,,,,,,,,
"105,594",+4.32%,Gresham,"110,158",60.3km2,23.3sqmi,"/wiki/Gresham,_Oregon",45°30′08″N 122°26′30″W / 45.5023°N 122.4416°W / 45.5023; -122.4416 (Gresham),"1,848/km2","4,786/sqmi",274,Oregon,,,,,,,,,,,,,,,,,,,
"103,701",+6.21%,Richmond,"110,146",78.0km2,30.1sqmi,"/wiki/Richmond,_California",37°57′08″N 122°21′38″W / 37.9523°N 122.3606°W / 37.9523; -122.3606 (Richmond),"1,409/km2","3,648/sqmi",275,California,,,,,,,,,,,,,,,,,,,
"104,170",+5.16%,Billings,"109,550",113.2km2,43.7sqmi,"/wiki/Billings,_Montana",45°47′19″N 108°33′00″W / 45.7885°N 108.5499°W / 45.7885; -108.5499 (Billings),975/km2,"2,525/sqmi",276,Montana,,,,,,,,,,,,,,,,,,,
"109,673",−0.23%,Inglewood,"109,419",23.6km2,9.1sqmi,"/wiki/Inglewood,_California",33°57′22″N 118°20′39″W / 33.9561°N 118.3443°W / 33.9561; -118.3443 (Inglewood),"4,700/km2","12,160/sqmi",277,California,,,,,,,,,,,,,,,,,,,
"98,850",+10.44%,Broken Arrow,"109,171",159.8km2,61.7sqmi,"/wiki/Broken_Arrow,_Oklahoma",36°02′11″N 95°46′52″W / 36.0365°N 95.7810°W / 36.0365; -95.7810 (Broken Arrow),672/km2,"1,741/sqmi",278,Oklahoma,,,,,,,,,,,,,,,,,,,
"93,853",+15.92%,Sandy Springs,"108,797",97.6km2,37.7sqmi,"/wiki/Sandy_Springs,_Georgia",33°55′53″N 84°22′07″W / 33.9315°N 84.3687°W / 33.9315; -84.3687 (Sandy Springs),"1,083/km2","2,804/sqmi",279,Georgia,,,,,,,,,,,,,,,,,,,
0,NA[ab],Jurupa Valley,"108,393",111.1km2,42.9sqmi,"/wiki/Jurupa_Valley,_California",34°00′09″N 117°28′03″W / 34.0026°N 117.4676°W / 34.0026; -117.4676 (Jurupa Valley),932/km2,"2,414/sqmi",280,California,,,,,,,,,,,,,,,,,,,
"91,611",+18.31%,Hillsboro,"108,389",64.7km2,25.0sqmi,"/wiki/Hillsboro,_Oregon",45°31′41″N 122°56′09″W / 45.5280°N 122.9357°W / 45.5280; -122.9357 (Hillsboro),"1,624/km2","4,207/sqmi",281,Oregon,,,,,,,,,,,,,,,,,,,
"110,366",−2.06%,Waterbury,"108,093",73.8km2,28.5sqmi,"/wiki/Waterbury,_Connecticut",41°33′31″N 73°02′12″W / 41.5585°N 73.0367°W / 41.5585; -73.0367 (Waterbury),"1,467/km2","3,799/sqmi",282,Connecticut,,,,,,,,,,,,,,,,,,,
"99,553",+7.89%,Santa Maria,"107,408",59.1km2,22.8sqmi,"/wiki/Santa_Maria,_California",34°56′00″N 120°26′38″W / 34.9332°N 120.4438°W / 34.9332; -120.4438 (Santa Maria),"1,800/km2","4,662/sqmi",283,California,,,,,,,,,,,,,,,,,,,
"97,385",+10.24%,Boulder,"107,353",64.2km2,24.8sqmi,"/wiki/Boulder,_Colorado",40°01′37″N 105°15′07″W / 40.0270°N 105.2519°W / 40.0270; -105.2519 (Boulder),"1,683/km2","4,358/sqmi",284,Colorado,,,,,,,,,,,,,,,,,,,
"92,889",+15.57%,Greeley,"107,348",123.8km2,47.8sqmi,"/wiki/Greeley,_Colorado",40°24′55″N 104°46′11″W / 40.4153°N 104.7697°W / 40.4153; -104.7697 (Greeley),840/km2,"2,176/sqmi",285,Colorado,,,,,,,,,,,,,,,,,,,
"101,123",+5.82%,Daly City,"107,008",19.7km2,7.6sqmi,"/wiki/Daly_City,_California",37°42′03″N 122°27′54″W / 37.7009°N 122.4650°W / 37.7009; -122.4650 (Daly City),"5,409/km2","14,009/sqmi",286,California,,,,,,,,,,,,,,,,,,,
"75,092",+42.23%,Meridian,"106,804",77.2km2,29.8sqmi,"/wiki/Meridian,_Idaho",43°36′51″N 116°23′56″W / 43.6142°N 116.3989°W / 43.6142; -116.3989 (Meridian),"1,384/km2","3,584/sqmi",287,Idaho,,,,,,,,,,,,,,,,,,,
"95,290",+11.85%,Lewisville,"106,586",95.1km2,36.7sqmi,"/wiki/Lewisville,_Texas",33°02′48″N 96°58′54″W / 33.0466°N 96.9818°W / 33.0466; -96.9818 (Lewisville),"1,101/km2","2,852/sqmi",288,Texas,,,,,,,,,,,,,,,,,,,
"91,992",+15.83%,Davie[ac],"106,558",90.4km2,34.9sqmi,"/wiki/Davie,_Florida",26°04′45″N 80°17′06″W / 26.0791°N 80.2850°W / 26.0791; -80.2850 (Davie),"1,127/km2","2,919/sqmi",289,Florida,,,,,,,,,,,,,,,,,,,
"106,098",+0.20%,West Covina,"106,311",41.4km2,16.0sqmi,"/wiki/West_Covina,_California",34°03′21″N 117°54′36″W / 34.0559°N 117.9099°W / 34.0559; -117.9099 (West Covina),"2,600/km2","6,740/sqmi",290,California,,,,,,,,,,,,,,,,,,,
"83,560",+27.15%,League City,"106,244",132.6km2,51.2sqmi,"/wiki/League_City,_Texas",29°29′24″N 95°06′33″W / 29.4901°N 95.1091°W / 29.4901; -95.1091 (League City),769/km2,"1,992/sqmi",291,Texas,,,,,,,,,,,,,,,,,,,
"96,900",+9.11%,Tyler,"105,729",146.6km2,56.6sqmi,"/wiki/Tyler,_Texas",32°19′02″N 95°18′21″W / 32.3173°N 95.3059°W / 32.3173; -95.3059 (Tyler),715/km2,"1,852/sqmi",292,Texas,,,,,,,,,,,,,,,,,,,
"105,549",−0.41%,Norwalk,"105,120",25.1km2,9.7sqmi,"/wiki/Norwalk,_California",33°54′27″N 118°05′01″W / 33.9076°N 118.0835°W / 33.9076; -118.0835 (Norwalk),"4,226/km2","10,946/sqmi",293,California,,,,,,,,,,,,,,,,,,,
"97,207",+8.04%,San Mateo,"105,025",31.3km2,12.1sqmi,"/wiki/San_Mateo,_California",37°33′37″N 122°18′38″W / 37.5603°N 122.3106°W / 37.5603; -122.3106 (San Mateo),"3,317/km2","8,592/sqmi",294,California,,,,,,,,,,,,,,,,,,,
"104,057",+0.79%,Green Bay,"104,879",117.6km2,45.4sqmi,"/wiki/Green_Bay,_Wisconsin",44°31′15″N 87°59′03″W / 44.5207°N 87.9842°W / 44.5207; -87.9842 (Green Bay),894/km2,"2,316/sqmi",295,Wisconsin,,,,,,,,,,,,,,,,,,,
"104,553",+0.02%,Wichita Falls,"104,576",187.0km2,72.2sqmi,"/wiki/Wichita_Falls,_Texas",33°54′24″N 98°31′33″W / 33.9067°N 98.5259°W / 33.9067; -98.5259 (Wichita Falls),560/km2,"1,450/sqmi",296,Texas,,,,,,,,,,,,,,,,,,,
"90,264",+15.49%,Sparks,"104,246",93.0km2,35.9sqmi,"/wiki/Sparks,_Nevada",39°33′16″N 119°44′08″W / 39.5544°N 119.7356°W / 39.5544; -119.7356 (Sparks),"1,080/km2","2,810/sqmi",297,Nevada,,,,,,,,,,,,,,,,,,,
"92,843",+12.19%,Lakewood[ad],"104,157",64.0km2,24.7sqmi,"/wiki/Lakewood_Township,_New_Jersey",40°04′38″N 74°12′01″W / 40.0771°N 74.2004°W / 40.0771; -74.2004 (Lakewood),"1,575/km2","4,079/sqmi",298,New Jersey,,,,,,,,,,,,,,,,,,,
"103,340",+0.34%,Burbank,"103,695",45.1km2,17.4sqmi,"/wiki/Burbank,_California",34°11′24″N 118°19′35″W / 34.1901°N 118.3264°W / 34.1901; -118.3264 (Burbank),"2,318/km2","6,003/sqmi",299,California,,,,,,,,,,,,,,,,,,,
"99,171",+4.30%,Rialto,"103,440",57.8km2,22.3sqmi,"/wiki/Rialto,_California",34°06′42″N 117°23′18″W / 34.1118°N 117.3883°W / 34.1118; -117.3883 (Rialto),"1,789/km2","4,633/sqmi",300,California,,,,,,,,,,,,,,,,,,,
"84,246",+22.72%,Allen,"103,383",70.2km2,27.1sqmi,"/wiki/Allen,_Texas",33°05′59″N 96°39′47″W / 33.0997°N 96.6631°W / 33.0997; -96.6631 (Allen),"1,434/km2","3,715/sqmi",301,Texas,,,,,,,,,,,,,,,,,,,
"99,478",+3.78%,El Cajon,"103,241",37.6km2,14.5sqmi,"/wiki/El_Cajon,_California",32°48′06″N 116°57′37″W / 32.8017°N 116.9604°W / 32.8017; -116.9604 (El Cajon),"2,763/km2","7,156/sqmi",302,California,,,,,,,,,,,,,,,,,,,
"97,618",+5.44%,Las Cruces,"102,926",199.2km2,76.9sqmi,"/wiki/Las_Cruces,_New_Mexico",32°19′35″N 106°47′23″W / 32.3264°N 106.7897°W / 32.3264; -106.7897 (Las Cruces),511/km2,"1,323/sqmi",303,New Mexico,,,,,,,,,,,,,,,,,,,
"90,927",+12.35%,Renton,"102,153",60.6km2,23.4sqmi,"/wiki/Renton,_Washington",47°28′34″N 122°11′31″W / 47.4761°N 122.1920°W / 47.4761; -122.1920 (Renton),"1,666/km2","4,314/sqmi",304,Washington,,,,,,,,,,,,,,,,,,,
"99,685",+2.41%,Davenport,"102,085",162.9km2,62.9sqmi,"/wiki/Davenport,_Iowa",41°33′15″N 90°36′14″W / 41.5541°N 90.6040°W / 41.5541; -90.6040 (Davenport),630/km2,"1,631/sqmi",305,Iowa,,,,,,,,,,,,,,,,,,,
"101,168",+0.68%,South Bend,"101,860",107.2km2,41.4sqmi,"/wiki/South_Bend,_Indiana",41°40′37″N 86°16′08″W / 41.6769°N 86.2690°W / 41.6769; -86.2690 (South Bend),949/km2,"2,457/sqmi",306,Indiana,,,,,,,,,,,,,,,,,,,
"93,834",+7.88%,Vista,"101,224",48.4km2,18.7sqmi,"/wiki/Vista,_California",33°11′22″N 117°14′19″W / 33.1895°N 117.2386°W / 33.1895; -117.2386 (Vista),"2,099/km2","5,436/sqmi",307,California,,,,,,,,,,,,,,,,,,,
"90,468",+11.77%,Tuscaloosa,"101,113",185.7km2,71.7sqmi,"/wiki/Tuscaloosa,_Alabama",33°12′23″N 87°32′05″W / 33.2065°N 87.5346°W / 33.2065; -87.5346 (Tuscaloosa),540/km2,"1,399/sqmi",308,Alabama,,,,,,,,,,,,,,,,,,,
"96,796",+4.14%,Clinton[ae],"100,800",72.8km2,28.1sqmi,"/wiki/Clinton_Township,_Macomb_County,_Michigan",42°35′25″N 82°55′01″W / 42.5903°N 82.9170°W / 42.5903; -82.9170 (Clinton),"1,380/km2","3,573/sqmi",309,Michigan,,,,,,,,,,,,,,,,,,,
"99,967",+0.73%,Edison[ad],"100,693",78.0km2,30.1sqmi,"/wiki/Edison,_New_Jersey",40°30′14″N 74°20′58″W / 40.5040°N 74.3494°W / 40.5040; -74.3494 (Edison),"1,309/km2","3,389/sqmi",310,New Jersey,,,,,,,,,,,,,,,,,,,
"99,585",+0.87%,Woodbridge[ad],"100,450",60.3km2,23.3sqmi,"/wiki/Woodbridge_Township,_New_Jersey",40°33′39″N 74°17′34″W / 40.5607°N 74.2927°W / 40.5607; -74.2927 (Woodbridge),"1,680/km2","4,351/sqmi",311,New Jersey,,,,,,,,,,,,,,,,,,,
"93,200",+7.53%,San Angelo,"100,215",155.1km2,59.9sqmi,"/wiki/San_Angelo,_Texas",31°26′28″N 100°27′02″W / 31.4411°N 100.4505°W / 31.4411; -100.4505 (San Angelo),649/km2,"1,681/sqmi",312,Texas,,,,,,,,,,,,,,,,,,,
"99,218",+0.95%,Kenosha,"100,164",72.5km2,28.0sqmi,"/wiki/Kenosha,_Wisconsin",42°34′56″N 87°50′44″W / 42.5822°N 87.8456°W / 42.5822; -87.8456 (Kenosha),"1,381/km2","3,577/sqmi",313,Wisconsin,,,,,,,,,,,,,,,,,,,
"92,428",+8.36%,Vacaville,"100,154",75.1km2,29.0sqmi,"/wiki/Vacaville,_California",38°21′14″N 121°58′22″W / 38.3539°N 121.9728°W / 38.3539; -121.9728 (Vacaville),"1,332/km2","3,449/sqmi",314,California,,,,,,,,,,,,,,,,,,,
